amfi_code,fund_house,scheme_name,category,sub_category,plan,launch_date,benchmark,expense_ratio_pct,exit_load_pct,min_sip_amount,min_lumpsum_amount,fund_manager,risk_category,sebi_category_code,source_file,[TRUNCATED_CONTENT_REPLACED_WITH_FULL_FILE_FOR_MOVE],date,aum_lakh_crore,aum_crore,num_schemes,month,sip_inflow_crore,active_sip_accounts_crore,new_sip_accounts_lakh,sip_aum_lakh_crore,yoy_growth_pct,net_inflow_crore,total_folios_crore,equity_folios_crore,debt_folios_crore,hybrid_folios_crore,others_folios_crore,return_1yr_pct,return_3yr_pct,return_5yr_pct,benchmark_3yr_pct,alpha,beta,sharpe_ratio,sortino_ratio,std_dev_ann_pct,max_drawdown_pct,morningstar_rating,risk_grade,investor_id,transaction_date,transaction_type,amount_inr,state,city,city_tier,age_group,gender,annual_income_lakh,payment_mode,kyc_status,stock_symbol,stock_name,sector,weight_pct,market_value_cr,current_price_inr,portfolio_date,index_name,close_value,nav
119551.0,SBI Mutual Fund,SBI Bluechip Fund - Regular Plan - Growth,Equity,Large Cap,Regular,2006-02-14,NIFTY 100 TRI,1.54,1.0,500.0,1000.0,Sohini Andani,Moderate,EC01,01_fund_master.csv,,,,,,,,,,,,,,,,,,,,,,,,,,,,,,,,,,,,,,,,,,,,,,,,,,,
119552.0,SBI Mutual Fund,SBI Bluechip Fund - Direct Plan - Growth,Equity,Large Cap,Direct,2013-01-01,NIFTY 100 TRI,0.66,1.0,500.0,1000.0,Sohini Andani,Moderate,EC01,01_fund_master.csv,,,,,,,,,,,,,,,,,,,,,,,,,,,,,,,,,,,,,,,,,,,,,,,,,,,
119598.0,SBI Mutual Fund,SBI Small Cap Fund - Regular Plan - Growth,Equity,Small Cap,Regular,2009-09-09,BSE 250 SmallCap TRI,1.43,1.0,500.0,1000.0,R. Srinivasan,Very High,EC03,01_fund_master.csv,,,,,,,,,,,,,,,,,,,,,,,,,,,,,,,,,,,,,,,,,,,,,,,,,,,
119599.0,SBI Mutual Fund,SBI Small Cap Fund - Direct Plan - Growth,Equity,Small Cap,Direct,2013-01-01,BSE 250 SmallCap TRI,0.72,1.0,500.0,1000.0,R. Srinivasan,Very High,EC03,01_fund_master.csv,,,,,,,,,,,,,,,,,,,,,,,,,,,,,,,,,,,,,,,,,,,,,,,,,,,
119120.0,SBI Mutual Fund,SBI Magnum Gilt Fund - Regular Plan - Growth,Debt,Gilt,Regular,2000-12-30,CRISIL Dynamic Gilt Index,0.77,0.0,500.0,1000.0,Dinesh Ahuja,Low,DC02,01_fund_master.csv,,,,,,,,,,,,,,,,,,,,,,,,,,,,,,,,,,,,,,,,,,,,,,,,,,,
100016.0,HDFC Mutual Fund,HDFC Top 100 Fund - Regular Plan - Growth,Equity,Large Cap,Regular,1996-09-11,NIFTY 100 TRI,1.55,1.0,500.0,1000.0,Rahul Baijal,Moderate,EC01,01_fund_master.csv,,,,,,,,,,,,,,,,,,,,,,,,,,,,,,,,,,,,,,,,,,,,,,,,,,,
125497.0,HDFC Mutual Fund,HDFC Top 100 Fund - Direct Plan - Growth,Equity,Large Cap,Direct,2013-01-01,NIFTY 100 TRI,0.92,1.0,500.0,1000.0,Rahul Baijal,Moderate,EC01,01_fund_master.csv,,,,,,,,,,,,,,,,,,,,,,,,,,,,,,,,,,,,,,,,,,,,,,,,,,,
100033.0,HDFC Mutual Fund,HDFC Mid-Cap Opportunities Fund - Regular - Growth,Equity,Mid Cap,Regular,2007-06-25,NIFTY Midcap 150 TRI,1.38,1.0,500.0,1000.0,Chirag Setalvad,High,EC02,01_fund_master.csv,,,,,,,,,,,,,,,,,,,,,,,,,,,,,,,,,,,,,,,,,,,,,,,,,,,
125498.0,HDFC Mutual Fund,HDFC Mid-Cap Opportunities Fund - Direct - Growth,Equity,Mid Cap,Direct,2013-01-01,NIFTY Midcap 150 TRI,0.78,1.0,500.0,1000.0,Chirag Setalvad,High,EC02,01_fund_master.csv,,,,,,,,,,,,,,,,,,,,,,,,,,,,,,,,,,,,,,,,,,,,,,,,,,,
100025.0,HDFC Mutual Fund,HDFC Short Term Debt Fund - Regular - Growth,Debt,Short Duration,Regular,2002-06-25,CRISIL Short Term Bond Index,0.56,0.5,500.0,1000.0,Anil Bamboli,Low,DC02,01_fund_master.csv,,,,,,,,,,,,,,,,,,,,,,,,,,,,,,,,,,,,,,,,,,,,,,,,,,,
120503.0,ICICI Prudential MF,ICICI Pru Bluechip Fund - Regular - Growth,Equity,Large Cap,Regular,2008-05-23,NIFTY 100 TRI,1.42,1.0,500.0,1000.0,Anish Tawakley,Moderate,EC01,01_fund_master.csv,,,,,,,,,,,,,,,,,,,,,,,,,,,,,,,,,,,,,,,,,,,,,,,,,,,
120504.0,ICICI Prudential MF,ICICI Pru Bluechip Fund - Direct - Growth,Equity,Large Cap,Direct,2013-01-01,NIFTY 100 TRI,0.8,1.0,500.0,1000.0,Anish Tawakley,Moderate,EC01,01_fund_master.csv,,,,,,,,,,,,,,,,,,,,,,,,,,,,,,,,,,,,,,,,,,,,,,,,,,,
120505.0,ICICI Prudential MF,ICICI Pru Midcap Fund - Regular - Growth,Equity,Mid Cap,Regular,2004-10-28,NIFTY Midcap 150 TRI,1.36,1.0,500.0,1000.0,Sankaran Naren,High,EC02,01_fund_master.csv,,,,,,,,,,,,,,,,,,,,,,,,,,,,,,,,,,,,,,,,,,,,,,,,,,,
120506.0,ICICI Prudential MF,ICICI Pru Value Discovery Fund - Regular - Growth,Equity,Value,Regular,2004-08-16,NIFTY 500 TRI,1.41,1.0,500.0,1000.0,Sankaran Naren,Moderately High,EC06,01_fund_master.csv,,,,,,,,,,,,,,,,,,,,,,,,,,,,,,,,,,,,,,,,,,,,,,,,,,,
120507.0,ICICI Prudential MF,ICICI Pru Liquid Fund - Regular - Growth,Debt,Liquid,Regular,2001-11-17,CRISIL Liquid Fund AI Index,0.74,0.0,500.0,5000.0,Rahul Goswami,Low,DC01,01_fund_master.csv,,,,,,,,,,,,,,,,,,,,,,,,,,,,,,,,,,,,,,,,,,,,,,,,,,,
118632.0,Nippon India MF,Nippon India Large Cap Fund - Regular - Growth,Equity,Large Cap,Regular,2004-08-08,NIFTY 100 TRI,1.51,1.0,500.0,1000.0,Sailesh Raj Bhan,Moderate,EC01,01_fund_master.csv,,,,,,,,,,,,,,,,,,,,,,,,,,,,,,,,,,,,,,,,,,,,,,,,,,,
118633.0,Nippon India MF,Nippon India Large Cap Fund - Direct - Growth,Equity,Large Cap,Direct,2013-01-01,NIFTY 100 TRI,0.72,1.0,500.0,1000.0,Sailesh Raj Bhan,Moderate,EC01,01_fund_master.csv,,,,,,,,,,,,,,,,,,,,,,,,,,,,,,,,,,,,,,,,,,,,,,,,,,,
118634.0,Nippon India MF,Nippon India Small Cap Fund - Regular - Growth,Equity,Small Cap,Regular,2010-09-16,BSE 250 SmallCap TRI,1.53,1.0,500.0,1000.0,Samir Rachh,Very High,EC03,01_fund_master.csv,,,,,,,,,,,,,,,,,,,,,,,,,,,,,,,,,,,,,,,,,,,,,,,,,,,
118635.0,Nippon India MF,Nippon India ETF Nifty 50 BeES,Equity,Index/ETF,Direct,2001-12-28,NIFTY 50 TRI,0.89,0.0,500.0,100.0,Vishal Jain,Moderate,EI01,01_fund_master.csv,,,,,,,,,,,,,,,,,,,,,,,,,,,,,,,,,,,,,,,,,,,,,,,,,,,
118636.0,Nippon India MF,Nippon India Gilt Securities Fund - Regular - Growth,Debt,Gilt,Regular,1999-08-19,CRISIL Dynamic Gilt Index,0.55,0.0,500.0,1000.0,Vivek Sharma,Low,DC02,01_fund_master.csv,,,,,,,,,,,,,,,,,,,,,,,,,,,,,,,,,,,,,,,,,,,,,,,,,,,
120841.0,Kotak Mahindra MF,Kotak Bluechip Fund - Regular - Growth,Equity,Large Cap,Regular,2005-12-29,NIFTY 100 TRI,1.59,1.0,500.0,1000.0,Harsha Upadhyaya,Moderate,EC01,01_fund_master.csv,,,,,,,,,,,,,,,,,,,,,,,,,,,,,,,,,,,,,,,,,,,,,,,,,,,
120842.0,Kotak Mahindra MF,Kotak Emerging Equity Fund - Regular - Growth,Equity,Mid Cap,Regular,2007-03-30,NIFTY Midcap 150 TRI,1.56,1.0,500.0,1000.0,Pankaj Tibrewal,High,EC02,01_fund_master.csv,,,,,,,,,,,,,,,,,,,,,,,,,,,,,,,,,,,,,,,,,,,,,,,,,,,
120843.0,Kotak Mahindra MF,Kotak Flexicap Fund - Regular - Growth,Equity,Flexi Cap,Regular,2009-08-11,NIFTY 500 TRI,1.45,1.0,500.0,1000.0,Pankaj Tibrewal,Moderately High,EC04,01_fund_master.csv,,,,,,,,,,,,,,,,,,,,,,,,,,,,,,,,,,,,,,,,,,,,,,,,,,,
120844.0,Kotak Mahindra MF,Kotak Liquid Fund - Regular - Growth,Debt,Liquid,Regular,2004-03-03,CRISIL Liquid Fund AI Index,0.6,0.0,500.0,5000.0,Deepak Agrawal,Low,DC01,01_fund_master.csv,,,,,,,,,,,,,,,,,,,,,,,,,,,,,,,,,,,,,,,,,,,,,,,,,,,
119092.0,Axis Mutual Fund,Axis Bluechip Fund - Regular - Growth,Equity,Large Cap,Regular,2010-01-05,NIFTY 100 TRI,1.64,1.0,500.0,1000.0,Shreyash Devalkar,Moderate,EC01,01_fund_master.csv,,,,,,,,,,,,,,,,,,,,,,,,,,,,,,,,,,,,,,,,,,,,,,,,,,,
119093.0,Axis Mutual Fund,Axis Bluechip Fund - Direct - Growth,Equity,Large Cap,Direct,2013-01-01,NIFTY 100 TRI,0.75,1.0,500.0,1000.0,Shreyash Devalkar,Moderate,EC01,01_fund_master.csv,,,,,,,,,,,,,,,,,,,,,,,,,,,,,,,,,,,,,,,,,,,,,,,,,,,
119094.0,Axis Mutual Fund,Axis Midcap Fund - Regular - Growth,Equity,Mid Cap,Regular,2011-02-18,NIFTY Midcap 50 TRI,1.38,1.0,500.0,1000.0,Jinesh Gopani,High,EC02,01_fund_master.csv,,,,,,,,,,,,,,,,,,,,,,,,,,,,,,,,,,,,,,,,,,,,,,,,,,,
119095.0,Axis Mutual Fund,Axis Small Cap Fund - Regular - Growth,Equity,Small Cap,Regular,2013-11-29,BSE 250 SmallCap TRI,1.38,1.0,500.0,1000.0,Anupam Tiwari,Very High,EC03,01_fund_master.csv,,,,,,,,,,,,,,,,,,,,,,,,,,,,,,,,,,,,,,,,,,,,,,,,,,,
101206.0,Aditya Birla Sun Life MF,ABSL Frontline Equity Fund - Regular - Growth,Equity,Large Cap,Regular,2002-08-30,NIFTY 100 TRI,1.6,1.0,500.0,1000.0,Mahesh Patil,Moderate,EC01,01_fund_master.csv,,,,,,,,,,,,,,,,,,,,,,,,,,,,,,,,,,,,,,,,,,,,,,,,,,,
101207.0,Aditya Birla Sun Life MF,ABSL Small Cap Fund - Regular - Growth,Equity,Small Cap,Regular,2007-05-31,BSE 250 SmallCap TRI,1.53,1.0,500.0,1000.0,Mircea Ciobanu,Very High,EC03,01_fund_master.csv,,,,,,,,,,,,,,,,,,,,,,,,,,,,,,,,,,,,,,,,,,,,,,,,,,,
101208.0,Aditya Birla Sun Life MF,ABSL Liquid Fund - Regular - Growth,Debt,Liquid,Regular,2000-04-17,CRISIL Liquid Fund AI Index,0.79,0.0,500.0,5000.0,Maneesh Dangi,Low,DC01,01_fund_master.csv,,,,,,,,,,,,,,,,,,,,,,,,,,,,,,,,,,,,,,,,,,,,,,,,,,,
102885.0,UTI Mutual Fund,UTI Nifty 50 Index Fund - Regular - Growth,Equity,Index,Regular,2000-03-06,NIFTY 50 TRI,1.57,0.0,500.0,1000.0,Sharwan Kumar Goyal,Moderate,EI01,01_fund_master.csv,,,,,,,,,,,,,,,,,,,,,,,,,,,,,,,,,,,,,,,,,,,,,,,,,,,
102886.0,UTI Mutual Fund,UTI Mid Cap Fund - Regular - Growth,Equity,Mid Cap,Regular,2004-04-07,NIFTY Midcap 150 TRI,1.51,1.0,500.0,1000.0,V Srivatsa,High,EC02,01_fund_master.csv,,,,,,,,,,,,,,,,,,,,,,,,,,,,,,,,,,,,,,,,,,,,,,,,,,,
102887.0,UTI Mutual Fund,UTI Flexi Cap Fund - Regular - Growth,Equity,Flexi Cap,Regular,2005-05-18,NIFTY 500 TRI,1.64,1.0,500.0,1000.0,Ajay Tyagi,Moderately High,EC04,01_fund_master.csv,,,,,,,,,,,,,,,,,,,,,,,,,,,,,,,,,,,,,,,,,,,,,,,,,,,
148567.0,Mirae Asset MF,Mirae Asset Large Cap Fund - Regular - Growth,Equity,Large Cap,Regular,2008-04-04,NIFTY 100 TRI,1.46,1.0,500.0,1000.0,Gaurav Misra,Moderate,EC01,01_fund_master.csv,,,,,,,,,,,,,,,,,,,,,,,,,,,,,,,,,,,,,,,,,,,,,,,,,,,
148568.0,Mirae Asset MF,Mirae Asset Emerging Bluechip Fund - Regular - Growth,Equity,Large & Mid Cap,Regular,2010-07-09,NIFTY Large Midcap 250 TRI,1.52,1.0,500.0,1000.0,Neelesh Surana,Moderately High,EC04,01_fund_master.csv,,,,,,,,,,,,,,,,,,,,,,,,,,,,,,,,,,,,,,,,,,,,,,,,,,,
148569.0,Mirae Asset MF,Mirae Asset Tax Saver Fund - Regular - Growth,Equity,ELSS,Regular,2015-12-28,NIFTY 500 TRI,1.6,1.0,500.0,1000.0,Neelesh Surana,High,EC05,01_fund_master.csv,,,,,,,,,,,,,,,,,,,,,,,,,,,,,,,,,,,,,,,,,,,,,,,,,,,
149322.0,DSP Mutual Fund,DSP Top 100 Equity Fund - Regular - Growth,Equity,Large Cap,Regular,2003-03-10,NIFTY 100 TRI,1.54,1.0,500.0,1000.0,Apoorva Shah,Moderate,EC01,01_fund_master.csv,,,,,,,,,,,,,,,,,,,,,,,,,,,,,,,,,,,,,,,,,,,,,,,,,,,
149323.0,DSP Mutual Fund,DSP Midcap Fund - Regular - Growth,Equity,Mid Cap,Regular,2006-11-16,NIFTY Midcap 150 TRI,1.61,1.0,500.0,1000.0,Vinit Sambre,High,EC02,01_fund_master.csv,,,,,,,,,,,,,,,,,,,,,,,,,,,,,,,,,,,,,,,,,,,,,,,,,,,
149324.0,DSP Mutual Fund,DSP Small Cap Fund - Regular - Growth,Equity,Small Cap,Regular,2007-06-14,BSE 250 SmallCap TRI,1.52,1.0,500.0,1000.0,Vinit Sambre,Very High,EC03,01_fund_master.csv,,,,,,,,,,,,,,,,,,,,,,,,,,,,,,,,,,,,,,,,,,,,,,,,,,,
,SBI Mutual Fund,,,,,,,,,,,,,,03_aum_by_fund_house.csv,,2022-03-31,6.05,605000.0,186.0,,,,,,,,,,,,,,,,,,,,,,,,,,,,,,,,,,,,,,,,,,,,,,
,ICICI Prudential MF,,,,,,,,,,,,,,03_aum_by_fund_house.csv,,2022-03-31,4.65,465000.0,216.0,,,,,,,,,,,,,,,,,,,,,,,,,,,,,,,,,,,,,,,,,,,,,,
,HDFC Mutual Fund,,,,,,,,,,,,,,03_aum_by_fund_house.csv,,2022-03-31,4.35,435000.0,195.0,,,,,,,,,,,,,,,,,,,,,,,,,,,,,,,,,,,,,,,,,,,,,,
,Nippon India MF,,,,,,,,,,,,,,03_aum_by_fund_house.csv,,2022-03-31,2.7,270000.0,177.0,,,,,,,,,,,,,,,,,,,,,,,,,,,,,,,,,,,,,,,,,,,,,,
,Kotak Mahindra MF,,,,,,,,,,,,,,03_aum_by_fund_house.csv,,2022-03-31,2.7,270000.0,168.0,,,,,,,,,,,,,,,,,,,,,,,,,,,,,,,,,,,,,,,,,,,,,,
,Aditya Birla Sun Life MF,,,,,,,,,,,,,,03_aum_by_fund_house.csv,,2022-03-31,2.78,278000.0,199.0,,,,,,,,,,,,,,,,,,,,,,,,,,,,,,,,,,,,,,,,,,,,,,
,Axis Mutual Fund,,,,,,,,,,,,,,03_aum_by_fund_house.csv,,2022-03-31,2.5,250000.0,95.0,,,,,,,,,,,,,,,,,,,,,,,,,,,,,,,,,,,,,,,,,,,,,,
,UTI Mutual Fund,,,,,,,,,,,,,,03_aum_by_fund_house.csv,,2022-03-31,2.3,230000.0,142.0,,,,,,,,,,,,,,,,,,,,,,,,,,,,,,,,,,,,,,,,,,,,,,
,Mirae Asset MF,,,,,,,,,,,,,,03_aum_by_fund_house.csv,,2022-03-31,1.05,105000.0,56.0,,,,,,,,,,,,,,,,,,,,,,,,,,,,,,,,,,,,,,,,,,,,,,
,DSP Mutual Fund,,,,,,,,,,,,,,03_aum_by_fund_house.csv,,2022-03-31,1.1,110000.0,88.0,,,,,,,,,,,,,,,,,,,,,,,,,,,,,,,,,,,,,,,,,,,,,,
,SBI Mutual Fund,,,,,,,,,,,,,,03_aum_by_fund_house.csv,,2022-09-30,6.3,630000.0,186.0,,,,,,,,,,,,,,,,,,,,,,,,,,,,,,,,,,,,,,,,,,,,,,
,ICICI Prudential MF,,,,,,,,,,,,,,03_aum_by_fund_house.csv,,2022-09-30,4.88,488000.0,216.0,,,,,,,,,,,,,,,,,,,,,,,,,,,,,,,,,,,,,,,,,,,,,,
,HDFC Mutual Fund,,,,,,,,,,,,,,03_aum_by_fund_house.csv,,2022-09-30,4.45,445000.0,195.0,,,,,,,,,,,,,,,,,,,,,,,,,,,,,,,,,,,,,,,,,,,,,,
,Nippon India MF,,,,,,,,,,,,,,03_aum_by_fund_house.csv,,2022-09-30,2.78,278000.0,177.0,,,,,,,,,,,,,,,,,,,,,,,,,,,,,,,,,,,,,,,,,,,,,,
,Kotak Mahindra MF,,,,,,,,,,,,,,03_aum_by_fund_house.csv,,2022-09-30,2.72,272000.0,168.0,,,,,,,,,,,,,,,,,,,,,,,,,,,,,,,,,,,,,,,,,,,,,,
,Aditya Birla Sun Life MF,,,,,,,,,,,,,,03_aum_by_fund_house.csv,,2022-09-30,2.85,285000.0,199.0,,,,,,,,,,,,,,,,,,,,,,,,,,,,,,,,,,,,,,,,,,,,,,
,Axis Mutual Fund,,,,,,,,,,,,,,03_aum_by_fund_house.csv,,2022-09-30,2.4,240000.0,95.0,,,,,,,,,,,,,,,,,,,,,,,,,,,,,,,,,,,,,,,,,,,,,,
,UTI Mutual Fund,,,,,,,,,,,,,,03_aum_by_fund_house.csv,,2022-09-30,2.32,232000.0,142.0,,,,,,,,,,,,,,,,,,,,,,,,,,,,,,,,,,,,,,,,,,,,,,
,Mirae Asset MF,,,,,,,,,,,,,,03_aum_by_fund_house.csv,,2022-09-30,1.08,108000.0,56.0,,,,,,,,,,,,,,,,,,,,,,,,,,,,,,,,,,,,,,,,,,,,,,
,DSP Mutual Fund,,,,,,,,,,,,,,03_aum_by_fund_house.csv,,2022-09-30,1.12,112000.0,88.0,,,,,,,,,,,,,,,,,,,,,,,,,,,,,,,,,,,,,,,,,,,,,,
,SBI Mutual Fund,,,,,,,,,,,,,,03_aum_by_fund_house.csv,,2023-03-31,7.17,717000.0,186.0,,,,,,,,,,,,,,,,,,,,,,,,,,,,,,,,,,,,,,,,,,,,,,
,ICICI Prudential MF,,,,,,,,,,,,,,03_aum_by_fund_house.csv,,2023-03-31,5.0,500000.0,216.0,,,,,,,,,,,,,,,,,,,,,,,,,,,,,,,,,,,,,,,,,,,,,,
,HDFC Mutual Fund,,,,,,,,,,,,,,03_aum_by_fund_house.csv,,2023-03-31,4.5,450000.0,195.0,,,,,,,,,,,,,,,,,,,,,,,,,,,,,,,,,,,,,,,,,,,,,,
,Nippon India MF,,,,,,,,,,,,,,03_aum_by_fund_house.csv,,2023-03-31,2.93,293000.0,177.0,,,,,,,,,,,,,,,,,,,,,,,,,,,,,,,,,,,,,,,,,,,,,,
,Kotak Mahindra MF,,,,,,,,,,,,,,03_aum_by_fund_house.csv,,2023-03-31,2.89,289000.0,168.0,,,,,,,,,,,,,,,,,,,,,,,,,,,,,,,,,,,,,,,,,,,,,,
,Aditya Birla Sun Life MF,,,,,,,,,,,,,,03_aum_by_fund_house.csv,,2023-03-31,2.75,275000.0,199.0,,,,,,,,,,,,,,,,,,,,,,,,,,,,,,,,,,,,,,,,,,,,,,
,Axis Mutual Fund,,,,,,,,,,,,,,03_aum_by_fund_house.csv,,2023-03-31,2.41,241000.0,95.0,,,,,,,,,,,,,,,,,,,,,,,,,,,,,,,,,,,,,,,,,,,,,,
,UTI Mutual Fund,,,,,,,,,,,,,,03_aum_by_fund_house.csv,,2023-03-31,2.39,239000.0,142.0,,,,,,,,,,,,,,,,,,,,,,,,,,,,,,,,,,,,,,,,,,,,,,
,Mirae Asset MF,,,,,,,,,,,,,,03_aum_by_fund_house.csv,,2023-03-31,1.16,116000.0,56.0,,,,,,,,,,,,,,,,,,,,,,,,,,,,,,,,,,,,,,,,,,,,,,
,DSP Mutual Fund,,,,,,,,,,,,,,03_aum_by_fund_house.csv,,2023-03-31,1.15,115000.0,88.0,,,,,,,,,,,,,,,,,,,,,,,,,,,,,,,,,,,,,,,,,,,,,,
,SBI Mutual Fund,,,,,,,,,,,,,,03_aum_by_fund_house.csv,,2023-09-30,8.45,845000.0,186.0,,,,,,,,,,,,,,,,,,,,,,,,,,,,,,,,,,,,,,,,,,,,,,
,ICICI Prudential MF,,,,,,,,,,,,,,03_aum_by_fund_house.csv,,2023-09-30,5.9,590000.0,216.0,,,,,,,,,,,,,,,,,,,,,,,,,,,,,,,,,,,,,,,,,,,,,,
,HDFC Mutual Fund,,,,,,,,,,,,,,03_aum_by_fund_house.csv,,2023-09-30,5.35,535000.0,195.0,,,,,,,,,,,,,,,,,,,,,,,,,,,,,,,,,,,,,,,,,,,,,,
,Nippon India MF,,,,,,,,,,,,,,03_aum_by_fund_house.csv,,2023-09-30,3.4,340000.0,177.0,,,,,,,,,,,,,,,,,,,,,,,,,,,,,,,,,,,,,,,,,,,,,,
,Kotak Mahindra MF,,,,,,,,,,,,,,03_aum_by_fund_house.csv,,2023-09-30,3.25,325000.0,168.0,,,,,,,,,,,,,,,,,,,,,,,,,,,,,,,,,,,,,,,,,,,,,,
,Aditya Birla Sun Life MF,,,,,,,,,,,,,,03_aum_by_fund_house.csv,,2023-09-30,3.08,308000.0,199.0,,,,,,,,,,,,,,,,,,,,,,,,,,,,,,,,,,,,,,,,,,,,,,
,Axis Mutual Fund,,,,,,,,,,,,,,03_aum_by_fund_house.csv,,2023-09-30,2.6,260000.0,95.0,,,,,,,,,,,,,,,,,,,,,,,,,,,,,,,,,,,,,,,,,,,,,,
,UTI Mutual Fund,,,,,,,,,,,,,,03_aum_by_fund_house.csv,,2023-09-30,2.65,265000.0,142.0,,,,,,,,,,,,,,,,,,,,,,,,,,,,,,,,,,,,,,,,,,,,,,
,Mirae Asset MF,,,,,,,,,,,,,,03_aum_by_fund_house.csv,,2023-09-30,1.42,142000.0,56.0,,,,,,,,,,,,,,,,,,,,,,,,,,,,,,,,,,,,,,,,,,,,,,
,DSP Mutual Fund,,,,,,,,,,,,,,03_aum_by_fund_house.csv,,2023-09-30,1.32,132000.0,88.0,,,,,,,,,,,,,,,,,,,,,,,,,,,,,,,,,,,,,,,,,,,,,,
,SBI Mutual Fund,,,,,,,,,,,,,,03_aum_by_fund_house.csv,,2024-03-31,10.0,1000000.0,186.0,,,,,,,,,,,,,,,,,,,,,,,,,,,,,,,,,,,,,,,,,,,,,,
,ICICI Prudential MF,,,,,,,,,,,,,,03_aum_by_fund_house.csv,,2024-03-31,6.8,680000.0,216.0,,,,,,,,,,,,,,,,,,,,,,,,,,,,,,,,,,,,,,,,,,,,,,
,HDFC Mutual Fund,,,,,,,,,,,,,,03_aum_by_fund_house.csv,,2024-03-31,6.45,645000.0,195.0,,,,,,,,,,,,,,,,,,,,,,,,,,,,,,,,,,,,,,,,,,,,,,
,Nippon India MF,,,,,,,,,,,,,,03_aum_by_fund_house.csv,,2024-03-31,4.3,430000.0,177.0,,,,,,,,,,,,,,,,,,,,,,,,,,,,,,,,,,,,,,,,,,,,,,
,Kotak Mahindra MF,,,,,,,,,,,,,,03_aum_by_fund_house.csv,,2024-03-31,3.8,380000.0,168.0,,,,,,,,,,,,,,,,,,,,,,,,,,,,,,,,,,,,,,,,,,,,,,
,Aditya Birla Sun Life MF,,,,,,,,,,,,,,03_aum_by_fund_house.csv,,2024-03-31,3.4,340000.0,199.0,,,,,,,,,,,,,,,,,,,,,,,,,,,,,,,,,,,,,,,,,,,,,,
,Axis Mutual Fund,,,,,,,,,,,,,,03_aum_by_fund_house.csv,,2024-03-31,2.8,280000.0,95.0,,,,,,,,,,,,,,,,,,,,,,,,,,,,,,,,,,,,,,,,,,,,,,
,UTI Mutual Fund,,,,,,,,,,,,,,03_aum_by_fund_house.csv,,2024-03-31,2.9,290000.0,142.0,,,,,,,,,,,,,,,,,,,,,,,,,,,,,,,,,,,,,,,,,,,,,,
,Mirae Asset MF,,,,,,,,,,,,,,03_aum_by_fund_house.csv,,2024-03-31,1.75,175000.0,56.0,,,,,,,,,,,,,,,,,,,,,,,,,,,,,,,,,,,,,,,,,,,,,,
,DSP Mutual Fund,,,,,,,,,,,,,,03_aum_by_fund_house.csv,,2024-03-31,1.55,155000.0,88.0,,,,,,,,,,,,,,,,,,,,,,,,,,,,,,,,,,,,,,,,,,,,,,
,SBI Mutual Fund,,,,,,,,,,,,,,03_aum_by_fund_house.csv,,2024-09-30,10.8,1080000.0,186.0,,,,,,,,,,,,,,,,,,,,,,,,,,,,,,,,,,,,,,,,,,,,,,
,ICICI Prudential MF,,,,,,,,,,,,,,03_aum_by_fund_house.csv,,2024-09-30,7.42,742000.0,216.0,,,,,,,,,,,,,,,,,,,,,,,,,,,,,,,,,,,,,,,,,,,,,,
,HDFC Mutual Fund,,,,,,,,,,,,,,03_aum_by_fund_house.csv,,2024-09-30,7.1,710000.0,195.0,,,,,,,,,,,,,,,,,,,,,,,,,,,,,,,,,,,,,,,,,,,,,,
,Nippon India MF,,,,,,,,,,,,,,03_aum_by_fund_house.csv,,2024-09-30,4.68,468000.0,177.0,,,,,,,,,,,,,,,,,,,,,,,,,,,,,,,,,,,,,,,,,,,,,,
,Kotak Mahindra MF,,,,,,,,,,,,,,03_aum_by_fund_house.csv,,2024-09-30,4.05,405000.0,168.0,,,,,,,,,,,,,,,,,,,,,,,,,,,,,,,,,,,,,,,,,,,,,,
,Aditya Birla Sun Life MF,,,,,,,,,,,,,,03_aum_by_fund_house.csv,,2024-09-30,3.62,362000.0,199.0,,,,,,,,,,,,,,,,,,,,,,,,,,,,,,,,,,,,,,,,,,,,,,
,Axis Mutual Fund,,,,,,,,,,,,,,03_aum_by_fund_house.csv,,2024-09-30,2.9,290000.0,95.0,,,,,,,,,,,,,,,,,,,,,,,,,,,,,,,,,,,,,,,,,,,,,,
,UTI Mutual Fund,,,,,,,,,,,,,,03_aum_by_fund_house.csv,,2024-09-30,3.08,308000.0,142.0,,,,,,,,,,,,,,,,,,,,,,,,,,,,,,,,,,,,,,,,,,,,,,
,Mirae Asset MF,,,,,,,,,,,,,,03_aum_by_fund_house.csv,,2024-09-30,1.9,190000.0,56.0,,,,,,,,,,,,,,,,,,,,,,,,,,,,,,,,,,,,,,,,,,,,,,
,DSP Mutual Fund,,,,,,,,,,,,,,03_aum_by_fund_house.csv,,2024-09-30,1.72,172000.0,88.0,,,,,,,,,,,,,,,,,,,,,,,,,,,,,,,,,,,,,,,,,,,,,,
,SBI Mutual Fund,,,,,,,,,,,,,,03_aum_by_fund_house.csv,,2024-12-31,11.14,1114000.0,186.0,,,,,,,,,,,,,,,,,,,,,,,,,,,,,,,,,,,,,,,,,,,,,,
,ICICI Prudential MF,,,,,,,,,,,,,,03_aum_by_fund_house.csv,,2024-12-31,8.74,874000.0,216.0,,,,,,,,,,,,,,,,,,,,,,,,,,,,,,,,,,,,,,,,,,,,,,
,HDFC Mutual Fund,,,,,,,,,,,,,,03_aum_by_fund_house.csv,,2024-12-31,7.87,787000.0,195.0,,,,,,,,,,,,,,,,,,,,,,,,,,,,,,,,,,,,,,,,,,,,,,
,Nippon India MF,,,,,,,,,,,,,,03_aum_by_fund_house.csv,,2024-12-31,5.7,570000.0,177.0,,,,,,,,,,,,,,,,,,,,,,,,,,,,,,,,,,,,,,,,,,,,,,
,Kotak Mahindra MF,,,,,,,,,,,,,,03_aum_by_fund_house.csv,,2024-12-31,4.89,489000.0,168.0,,,,,,,,,,,,,,,,,,,,,,,,,,,,,,,,,,,,,,,,,,,,,,
,Aditya Birla Sun Life MF,,,,,,,,,,,,,,03_aum_by_fund_house.csv,,2024-12-31,3.84,384000.0,199.0,,,,,,,,,,,,,,,,,,,,,,,,,,,,,,,,,,,,,,,,,,,,,,
,Axis Mutual Fund,,,,,,,,,,,,,,03_aum_by_fund_house.csv,,2024-12-31,3.0,300000.0,95.0,,,,,,,,,,,,,,,,,,,,,,,,,,,,,,,,,,,,,,,,,,,,,,
,UTI Mutual Fund,,,,,,,,,,,,,,03_aum_by_fund_house.csv,,2024-12-31,3.52,352000.0,142.0,,,,,,,,,,,,,,,,,,,,,,,,,,,,,,,,,,,,,,,,,,,,,,
,Mirae Asset MF,,,,,,,,,,,,,,03_aum_by_fund_house.csv,,2024-12-31,2.1,210000.0,56.0,,,,,,,,,,,,,,,,,,,,,,,,,,,,,,,,,,,,,,,,,,,,,,
,DSP Mutual Fund,,,,,,,,,,,,,,03_aum_by_fund_house.csv,,2024-12-31,1.88,188000.0,88.0,,,,,,,,,,,,,,,,,,,,,,,,,,,,,,,,,,,,,,,,,,,,,,
,SBI Mutual Fund,,,,,,,,,,,,,,03_aum_by_fund_house.csv,,2025-03-31,12.5,1250000.0,186.0,,,,,,,,,,,,,,,,,,,,,,,,,,,,,,,,,,,,,,,,,,,,,,
,ICICI Prudential MF,,,,,,,,,,,,,,03_aum_by_fund_house.csv,,2025-03-31,8.8,880000.0,216.0,,,,,,,,,,,,,,,,,,,,,,,,,,,,,,,,,,,,,,,,,,,,,,
,HDFC Mutual Fund,,,,,,,,,,,,,,03_aum_by_fund_house.csv,,2025-03-31,7.95,795000.0,195.0,,,,,,,,,,,,,,,,,,,,,,,,,,,,,,,,,,,,,,,,,,,,,,
,Nippon India MF,,,,,,,,,,,,,,03_aum_by_fund_house.csv,,2025-03-31,5.6,560000.0,177.0,,,,,,,,,,,,,,,,,,,,,,,,,,,,,,,,,,,,,,,,,,,,,,
,Kotak Mahindra MF,,,,,,,,,,,,,,03_aum_by_fund_house.csv,,2025-03-31,4.92,492000.0,168.0,,,,,,,,,,,,,,,,,,,,,,,,,,,,,,,,,,,,,,,,,,,,,,
,Aditya Birla Sun Life MF,,,,,,,,,,,,,,03_aum_by_fund_house.csv,,2025-03-31,3.85,385000.0,199.0,,,,,,,,,,,,,,,,,,,,,,,,,,,,,,,,,,,,,,,,,,,,,,
,Axis Mutual Fund,,,,,,,,,,,,,,03_aum_by_fund_house.csv,,2025-03-31,3.1,310000.0,95.0,,,,,,,,,,,,,,,,,,,,,,,,,,,,,,,,,,,,,,,,,,,,,,
,UTI Mutual Fund,,,,,,,,,,,,,,03_aum_by_fund_house.csv,,2025-03-31,3.55,355000.0,142.0,,,,,,,,,,,,,,,,,,,,,,,,,,,,,,,,,,,,,,,,,,,,,,
,Mirae Asset MF,,,,,,,,,,,,,,03_aum_by_fund_house.csv,,2025-03-31,2.25,225000.0,56.0,,,,,,,,,,,,,,,,,,,,,,,,,,,,,,,,,,,,,,,,,,,,,,
,DSP Mutual Fund,,,,,,,,,,,,,,03_aum_by_fund_house.csv,,2025-03-31,1.95,195000.0,88.0,,,,,,,,,,,,,,,,,,,,,,,,,,,,,,,,,,,,,,,,,,,,,,
,SBI Mutual Fund,,,,,,,,,,,,,,03_aum_by_fund_house.csv,,2025-12-31,12.5,1250000.0,186.0,,,,,,,,,,,,,,,,,,,,,,,,,,,,,,,,,,,,,,,,,,,,,,
,ICICI Prudential MF,,,,,,,,,,,,,,03_aum_by_fund_house.csv,,2025-12-31,10.74,1074000.0,216.0,,,,,,,,,,,,,,,,,,,,,,,,,,,,,,,,,,,,,,,,,,,,,,
,HDFC Mutual Fund,,,,,,,,,,,,,,03_aum_by_fund_house.csv,,2025-12-31,9.3,930000.0,195.0,,,,,,,,,,,,,,,,,,,,,,,,,,,,,,,,,,,,,,,,,,,,,,
,Nippon India MF,,,,,,,,,,,,,,03_aum_by_fund_house.csv,,2025-12-31,7.0,700000.0,177.0,,,,,,,,,,,,,,,,,,,,,,,,,,,,,,,,,,,,,,,,,,,,,,
,Kotak Mahindra MF,,,,,,,,,,,,,,03_aum_by_fund_house.csv,,2025-12-31,5.8,580000.0,168.0,,,,,,,,,,,,,,,,,,,,,,,,,,,,,,,,,,,,,,,,,,,,,,
,Aditya Birla Sun Life MF,,,,,,,,,,,,,,03_aum_by_fund_house.csv,,2025-12-31,4.6,460000.0,199.0,,,,,,,,,,,,,,,,,,,,,,,,,,,,,,,,,,,,,,,,,,,,,,
,Axis Mutual Fund,,,,,,,,,,,,,,03_aum_by_fund_house.csv,,2025-12-31,3.5,350000.0,95.0,,,,,,,,,,,,,,,,,,,,,,,,,,,,,,,,,,,,,,,,,,,,,,
,UTI Mutual Fund,,,,,,,,,,,,,,03_aum_by_fund_house.csv,,2025-12-31,4.1,410000.0,142.0,,,,,,,,,,,,,,,,,,,,,,,,,,,,,,,,,,,,,,,,,,,,,,
,Mirae Asset MF,,,,,,,,,,,,,,03_aum_by_fund_house.csv,,2025-12-31,2.9,290000.0,56.0,,,,,,,,,,,,,,,,,,,,,,,,,,,,,,,,,,,,,,,,,,,,,,
,DSP Mutual Fund,,,,,,,,,,,,,,03_aum_by_fund_house.csv,,2025-12-31,2.3,230000.0,88.0,,,,,,,,,,,,,,,,,,,,,,,,,,,,,,,,,,,,,,,,,,,,,,
,,,,,,,,,,,,,,,04_monthly_sip_inflows.csv,,,,,,2022-01,11517.0,4.91,9.1,4.8,,,,,,,,,,,,,,,,,,,,,,,,,,,,,,,,,,,,,,,,,
,,,,,,,,,,,,,,,04_monthly_sip_inflows.csv,,,,,,2022-02,11438.0,4.93,8.2,4.85,,,,,,,,,,,,,,,,,,,,,,,,,,,,,,,,,,,,,,,,,
,,,,,,,,,,,,,,,04_monthly_sip_inflows.csv,,,,,,2022-03,12328.0,5.09,10.5,5.01,,,,,,,,,,,,,,,,,,,,,,,,,,,,,,,,,,,,,,,,,
,,,,,,,,,,,,,,,04_monthly_sip_inflows.csv,,,,,,2022-04,11863.0,5.48,9.52,5.12,,,,,,,,,,,,,,,,,,,,,,,,,,,,,,,,,,,,,,,,,
,,,,,,,,,,,,,,,04_monthly_sip_inflows.csv,,,,,,2022-05,12286.0,5.55,8.1,5.15,,,,,,,,,,,,,,,,,,,,,,,,,,,,,,,,,,,,,,,,,
,,,,,,,,,,,,,,,04_monthly_sip_inflows.csv,,,,,,2022-06,12276.0,5.6,7.5,5.18,,,,,,,,,,,,,,,,,,,,,,,,,,,,,,,,,,,,,,,,,
,,,,,,,,,,,,,,,04_monthly_sip_inflows.csv,,,,,,2022-07,12140.0,5.65,9.21,5.25,,,,,,,,,,,,,,,,,,,,,,,,,,,,,,,,,,,,,,,,,
,,,,,,,,,,,,,,,04_monthly_sip_inflows.csv,,,,,,2022-08,12694.0,5.71,8.9,5.31,,,,,,,,,,,,,,,,,,,,,,,,,,,,,,,,,,,,,,,,,
,,,,,,,,,,,,,,,04_monthly_sip_inflows.csv,,,,,,2022-09,12976.0,5.8,9.4,5.41,,,,,,,,,,,,,,,,,,,,,,,,,,,,,,,,,,,,,,,,,
,,,,,,,,,,,,,,,04_monthly_sip_inflows.csv,,,,,,2022-10,13040.0,5.93,9.52,5.55,,,,,,,,,,,,,,,,,,,,,,,,,,,,,,,,,,,,,,,,,
,,,,,,,,,,,,,,,04_monthly_sip_inflows.csv,,,,,,2022-11,13306.0,6.0,8.8,5.62,,,,,,,,,,,,,,,,,,,,,,,,,,,,,,,,,,,,,,,,,
,,,,,,,,,,,,,,,04_monthly_sip_inflows.csv,,,,,,2022-12,13573.0,6.05,7.6,5.7,,,,,,,,,,,,,,,,,,,,,,,,,,,,,,,,,,,,,,,,,
,,,,,,,,,,,,,,,04_monthly_sip_inflows.csv,,,,,,2023-01,13856.0,6.13,9.1,5.82,20.31,,,,,,,,,,,,,,,,,,,,,,,,,,,,,,,,,,,,,,,,
,,,,,,,,,,,,,,,04_monthly_sip_inflows.csv,,,,,,2023-02,13687.0,6.19,8.2,5.88,19.66,,,,,,,,,,,,,,,,,,,,,,,,,,,,,,,,,,,,,,,,
,,,,,,,,,,,,,,,04_monthly_sip_inflows.csv,,,,,,2023-03,14276.0,6.32,10.0,6.01,15.8,,,,,,,,,,,,,,,,,,,,,,,,,,,,,,,,,,,,,,,,
,,,,,,,,,,,,,,,04_monthly_sip_inflows.csv,,,,,,2023-04,14749.0,6.41,9.25,6.15,24.33,,,,,,,,,,,,,,,,,,,,,,,,,,,,,,,,,,,,,,,,
,,,,,,,,,,,,,,,04_monthly_sip_inflows.csv,,,,,,2023-05,14749.0,6.5,8.7,6.22,20.05,,,,,,,,,,,,,,,,,,,,,,,,,,,,,,,,,,,,,,,,
,,,,,,,,,,,,,,,04_monthly_sip_inflows.csv,,,,,,2023-06,14734.0,6.55,7.9,6.3,20.02,,,,,,,,,,,,,,,,,,,,,,,,,,,,,,,,,,,,,,,,
,,,,,,,,,,,,,,,04_monthly_sip_inflows.csv,,,,,,2023-07,15245.0,6.65,9.8,6.45,25.58,,,,,,,,,,,,,,,,,,,,,,,,,,,,,,,,,,,,,,,,
,,,,,,,,,,,,,,,04_monthly_sip_inflows.csv,,,,,,2023-08,15814.0,6.73,9.1,6.58,24.58,,,,,,,,,,,,,,,,,,,,,,,,,,,,,,,,,,,,,,,,
,,,,,,,,,,,,,,,04_monthly_sip_inflows.csv,,,,,,2023-09,16042.0,6.82,10.2,6.72,23.63,,,,,,,,,,,,,,,,,,,,,,,,,,,,,,,,,,,,,,,,
,,,,,,,,,,,,,,,04_monthly_sip_inflows.csv,,,,,,2023-10,16928.0,6.91,9.5,6.9,29.82,,,,,,,,,,,,,,,,,,,,,,,,,,,,,,,,,,,,,,,,
,,,,,,,,,,,,,,,04_monthly_sip_inflows.csv,,,,,,2023-11,17073.0,7.0,8.8,7.05,28.31,,,,,,,,,,,,,,,,,,,,,,,,,,,,,,,,,,,,,,,,
,,,,,,,,,,,,,,,04_monthly_sip_inflows.csv,,,,,,2023-12,17610.0,7.1,8.4,7.18,29.74,,,,,,,,,,,,,,,,,,,,,,,,,,,,,,,,,,,,,,,,
,,,,,,,,,,,,,,,04_monthly_sip_inflows.csv,,,,,,2024-01,18838.0,7.2,9.6,7.35,35.96,,,,,,,,,,,,,,,,,,,,,,,,,,,,,,,,,,,,,,,,
,,,,,,,,,,,,,,,04_monthly_sip_inflows.csv,,,,,,2024-02,19187.0,7.3,8.5,7.52,40.18,,,,,,,,,,,,,,,,,,,,,,,,,,,,,,,,,,,,,,,,
,,,,,,,,,,,,,,,04_monthly_sip_inflows.csv,,,,,,2024-03,20371.0,7.4,9.0,7.71,42.69,,,,,,,,,,,,,,,,,,,,,,,,,,,,,,,,,,,,,,,,
,,,,,,,,,,,,,,,04_monthly_sip_inflows.csv,,,,,,2024-04,20371.0,7.6,9.4,7.9,38.12,,,,,,,,,,,,,,,,,,,,,,,,,,,,,,,,,,,,,,,,
,,,,,,,,,,,,,,,04_monthly_sip_inflows.csv,,,,,,2024-05,21262.0,7.78,8.9,8.15,44.16,,,,,,,,,,,,,,,,,,,,,,,,,,,,,,,,,,,,,,,,
,,,,,,,,,,,,,,,04_monthly_sip_inflows.csv,,,,,,2024-06,21262.0,7.9,8.2,8.35,44.31,,,,,,,,,,,,,,,,,,,,,,,,,,,,,,,,,,,,,,,,
,,,,,,,,,,,,,,,04_monthly_sip_inflows.csv,,,,,,2024-07,23332.0,8.0,10.0,8.56,53.05,,,,,,,,,,,,,,,,,,,,,,,,,,,,,,,,,,,,,,,,
,,,,,,,,,,,,,,,04_monthly_sip_inflows.csv,,,,,,2024-08,23547.0,8.11,9.8,8.78,48.9,,,,,,,,,,,,,,,,,,,,,,,,,,,,,,,,,,,,,,,,
,,,,,,,,,,,,,,,04_monthly_sip_inflows.csv,,,,,,2024-09,24509.0,8.22,9.2,8.98,52.78,,,,,,,,,,,,,,,,,,,,,,,,,,,,,,,,,,,,,,,,
,,,,,,,,,,,,,,,04_monthly_sip_inflows.csv,,,,,,2024-10,25323.0,8.3,9.55,9.22,49.59,,,,,,,,,,,,,,,,,,,,,,,,,,,,,,,,,,,,,,,,
,,,,,,,,,,,,,,,04_monthly_sip_inflows.csv,,,,,,2024-11,25320.0,8.4,9.1,9.45,48.3,,,,,,,,,,,,,,,,,,,,,,,,,,,,,,,,,,,,,,,,
,,,,,,,,,,,,,,,04_monthly_sip_inflows.csv,,,,,,2024-12,26459.0,8.5,9.3,9.7,50.25,,,,,,,,,,,,,,,,,,,,,,,,,,,,,,,,,,,,,,,,
,,,,,,,,,,,,,,,04_monthly_sip_inflows.csv,,,,,,2025-01,26400.0,8.22,9.1,13.0,40.14,,,,,,,,,,,,,,,,,,,,,,,,,,,,,,,,,,,,,,,,
,,,,,,,,,,,,,,,04_monthly_sip_inflows.csv,,,,,,2025-02,25999.0,8.3,8.6,13.18,35.5,,,,,,,,,,,,,,,,,,,,,,,,,,,,,,,,,,,,,,,,
,,,,,,,,,,,,,,,04_monthly_sip_inflows.csv,,,,,,2025-03,25926.0,8.11,7.8,13.35,27.27,,,,,,,,,,,,,,,,,,,,,,,,,,,,,,,,,,,,,,,,
,,,,,,,,,,,,,,,04_monthly_sip_inflows.csv,,,,,,2025-04,26632.0,8.38,46.0,13.55,30.73,,,,,,,,,,,,,,,,,,,,,,,,,,,,,,,,,,,,,,,,
,,,,,,,,,,,,,,,04_monthly_sip_inflows.csv,,,,,,2025-05,26688.0,8.5,9.2,13.72,25.52,,,,,,,,,,,,,,,,,,,,,,,,,,,,,,,,,,,,,,,,
,,,,,,,,,,,,,,,04_monthly_sip_inflows.csv,,,,,,2025-06,27274.0,8.62,9.5,13.88,28.28,,,,,,,,,,,,,,,,,,,,,,,,,,,,,,,,,,,,,,,,
,,,,,,,,,,,,,,,04_monthly_sip_inflows.csv,,,,,,2025-07,28464.0,8.75,10.2,14.05,22.0,,,,,,,,,,,,,,,,,,,,,,,,,,,,,,,,,,,,,,,,
,,,,,,,,,,,,,,,04_monthly_sip_inflows.csv,,,,,,2025-08,28265.0,8.85,9.8,15.18,20.04,,,,,,,,,,,,,,,,,,,,,,,,,,,,,,,,,,,,,,,,
,,,,,,,,,,,,,,,04_monthly_sip_inflows.csv,,,,,,2025-09,29361.0,9.0,10.5,15.38,19.8,,,,,,,,,,,,,,,,,,,,,,,,,,,,,,,,,,,,,,,,
,,,,,,,,,,,,,,,04_monthly_sip_inflows.csv,,,,,,2025-10,29529.0,9.1,9.45,15.55,16.61,,,,,,,,,,,,,,,,,,,,,,,,,,,,,,,,,,,,,,,,
,,,,,,,,,,,,,,,04_monthly_sip_inflows.csv,,,,,,2025-11,30200.0,9.2,9.1,15.72,19.27,,,,,,,,,,,,,,,,,,,,,,,,,,,,,,,,,,,,,,,,
,,,,,,,,,,,,,,,04_monthly_sip_inflows.csv,,,,,,2025-12,31002.0,9.35,9.8,15.9,17.17,,,,,,,,,,,,,,,,,,,,,,,,,,,,,,,,,,,,,,,,
,,,Large Cap,,,,,,,,,,,,05_category_inflows.csv,,,,,,2024-04,,,,,,2413.0,,,,,,,,,,,,,,,,,,,,,,,,,,,,,,,,,,,,,,,
,,,Mid Cap,,,,,,,,,,,,05_category_inflows.csv,,,,,,2024-04,,,,,,3897.0,,,,,,,,,,,,,,,,,,,,,,,,,,,,,,,,,,,,,,,
,,,Small Cap,,,,,,,,,,,,05_category_inflows.csv,,,,,,2024-04,,,,,,3533.0,,,,,,,,,,,,,,,,,,,,,,,,,,,,,,,,,,,,,,,
,,,Flexi Cap,,,,,,,,,,,,05_category_inflows.csv,,,,,,2024-04,,,,,,4947.0,,,,,,,,,,,,,,,,,,,,,,,,,,,,,,,,,,,,,,,
,,,Large & Mid Cap,,,,,,,,,,,,05_category_inflows.csv,,,,,,2024-04,,,,,,4214.0,,,,,,,,,,,,,,,,,,,,,,,,,,,,,,,,,,,,,,,
,,,ELSS,,,,,,,,,,,,05_category_inflows.csv,,,,,,2024-04,,,,,,466.0,,,,,,,,,,,,,,,,,,,,,,,,,,,,,,,,,,,,,,,
,,,Value/Contra,,,,,,,,,,,,05_category_inflows.csv,,,,,,2024-04,,,,,,1328.0,,,,,,,,,,,,,,,,,,,,,,,,,,,,,,,,,,,,,,,
,,,Sectoral/Thematic,,,,,,,,,,,,05_category_inflows.csv,,,,,,2024-04,,,,,,8052.0,,,,,,,,,,,,,,,,,,,,,,,,,,,,,,,,,,,,,,,
,,,Liquid,,,,,,,,,,,,05_category_inflows.csv,,,,,,2024-04,,,,,,37537.0,,,,,,,,,,,,,,,,,,,,,,,,,,,,,,,,,,,,,,,
,,,Short Duration,,,,,,,,,,,,05_category_inflows.csv,,,,,,2024-04,,,,,,4400.0,,,,,,,,,,,,,,,,,,,,,,,,,,,,,,,,,,,,,,,
,,,Gilt,,,,,,,,,,,,05_category_inflows.csv,,,,,,2024-04,,,,,,784.0,,,,,,,,,,,,,,,,,,,,,,,,,,,,,,,,,,,,,,,
,,,Hybrid,,,,,,,,,,,,05_category_inflows.csv,,,,,,2024-04,,,,,,2955.0,,,,,,,,,,,,,,,,,,,,,,,,,,,,,,,,,,,,,,,
,,,Large Cap,,,,,,,,,,,,05_category_inflows.csv,,,,,,2024-05,,,,,,2076.0,,,,,,,,,,,,,,,,,,,,,,,,,,,,,,,,,,,,,,,
,,,Mid Cap,,,,,,,,,,,,05_category_inflows.csv,,,,,,2024-05,,,,,,5300.0,,,,,,,,,,,,,,,,,,,,,,,,,,,,,,,,,,,,,,,
,,,Small Cap,,,,,,,,,,,,05_category_inflows.csv,,,,,,2024-05,,,,,,4092.0,,,,,,,,,,,,,,,,,,,,,,,,,,,,,,,,,,,,,,,
,,,Flexi Cap,,,,,,,,,,,,05_category_inflows.csv,,,,,,2024-05,,,,,,5529.0,,,,,,,,,,,,,,,,,,,,,,,,,,,,,,,,,,,,,,,
,,,Large & Mid Cap,,,,,,,,,,,,05_category_inflows.csv,,,,,,2024-05,,,,,,4368.0,,,,,,,,,,,,,,,,,,,,,,,,,,,,,,,,,,,,,,,
,,,ELSS,,,,,,,,,,,,05_category_inflows.csv,,,,,,2024-05,,,,,,553.0,,,,,,,,,,,,,,,,,,,,,,,,,,,,,,,,,,,,,,,
,,,Value/Contra,,,,,,,,,,,,05_category_inflows.csv,,,,,,2024-05,,,,,,1361.0,,,,,,,,,,,,,,,,,,,,,,,,,,,,,,,,,,,,,,,
,,,Sectoral/Thematic,,,,,,,,,,,,05_category_inflows.csv,,,,,,2024-05,,,,,,8354.0,,,,,,,,,,,,,,,,,,,,,,,,,,,,,,,,,,,,,,,
,,,Liquid,,,,,,,,,,,,05_category_inflows.csv,,,,,,2024-05,,,,,,41872.0,,,,,,,,,,,,,,,,,,,,,,,,,,,,,,,,,,,,,,,
,,,Short Duration,,,,,,,,,,,,05_category_inflows.csv,,,,,,2024-05,,,,,,4833.0,,,,,,,,,,,,,,,,,,,,,,,,,,,,,,,,,,,,,,,
,,,Gilt,,,,,,,,,,,,05_category_inflows.csv,,,,,,2024-05,,,,,,836.0,,,,,,,,,,,,,,,,,,,,,,,,,,,,,,,,,,,,,,,
,,,Hybrid,,,,,,,,,,,,05_category_inflows.csv,,,,,,2024-05,,,,,,3487.0,,,,,,,,,,,,,,,,,,,,,,,,,,,,,,,,,,,,,,,
,,,Large Cap,,,,,,,,,,,,05_category_inflows.csv,,,,,,2024-06,,,,,,2519.0,,,,,,,,,,,,,,,,,,,,,,,,,,,,,,,,,,,,,,,
,,,Mid Cap,,,,,,,,,,,,05_category_inflows.csv,,,,,,2024-06,,,,,,5047.0,,,,,,,,,,,,,,,,,,,,,,,,,,,,,,,,,,,,,,,
,,,Small Cap,,,,,,,,,,,,05_category_inflows.csv,,,,,,2024-06,,,,,,3535.0,,,,,,,,,,,,,,,,,,,,,,,,,,,,,,,,,,,,,,,
,,,Flexi Cap,,,,,,,,,,,,05_category_inflows.csv,,,,,,2024-06,,,,,,4478.0,,,,,,,,,,,,,,,,,,,,,,,,,,,,,,,,,,,,,,,
,,,Large & Mid Cap,,,,,,,,,,,,05_category_inflows.csv,,,,,,2024-06,,,,,,4610.0,,,,,,,,,,,,,,,,,,,,,,,,,,,,,,,,,,,,,,,
,,,ELSS,,,,,,,,,,,,05_category_inflows.csv,,,,,,2024-06,,,,,,472.0,,,,,,,,,,,,,,,,,,,,,,,,,,,,,,,,,,,,,,,
,,,Value/Contra,,,,,,,,,,,,05_category_inflows.csv,,,,,,2024-06,,,,,,1386.0,,,,,,,,,,,,,,,,,,,,,,,,,,,,,,,,,,,,,,,
,,,Sectoral/Thematic,,,,,,,,,,,,05_category_inflows.csv,,,,,,2024-06,,,,,,10030.0,,,,,,,,,,,,,,,,,,,,,,,,,,,,,,,,,,,,,,,
,,,Liquid,,,,,,,,,,,,05_category_inflows.csv,,,,,,2024-06,,,,,,40486.0,,,,,,,,,,,,,,,,,,,,,,,,,,,,,,,,,,,,,,,
,,,Short Duration,,,,,,,,,,,,05_category_inflows.csv,,,,,,2024-06,,,,,,4321.0,,,,,,,,,,,,,,,,,,,,,,,,,,,,,,,,,,,,,,,
,,,Gilt,,,,,,,,,,,,05_category_inflows.csv,,,,,,2024-06,,,,,,864.0,,,,,,,,,,,,,,,,,,,,,,,,,,,,,,,,,,,,,,,
,,,Hybrid,,,,,,,,,,,,05_category_inflows.csv,,,,,,2024-06,,,,,,3163.0,,,,,,,,,,,,,,,,,,,,,,,,,,,,,,,,,,,,,,,
,,,Large Cap,,,,,,,,,,,,05_category_inflows.csv,,,,,,2024-07,,,,,,2574.0,,,,,,,,,,,,,,,,,,,,,,,,,,,,,,,,,,,,,,,
,,,Mid Cap,,,,,,,,,,,,05_category_inflows.csv,,,,,,2024-07,,,,,,4548.0,,,,,,,,,,,,,,,,,,,,,,,,,,,,,,,,,,,,,,,
,,,Small Cap,,,,,,,,,,,,05_category_inflows.csv,,,,,,2024-07,,,,,,3582.0,,,,,,,,,,,,,,,,,,,,,,,,,,,,,,,,,,,,,,,
,,,Flexi Cap,,,,,,,,,,,,05_category_inflows.csv,,,,,,2024-07,,,,,,4869.0,,,,,,,,,,,,,,,,,,,,,,,,,,,,,,,,,,,,,,,
,,,Large & Mid Cap,,,,,,,,,,,,05_category_inflows.csv,,,,,,2024-07,,,,,,5023.0,,,,,,,,,,,,,,,,,,,,,,,,,,,,,,,,,,,,,,,
,,,ELSS,,,,,,,,,,,,05_category_inflows.csv,,,,,,2024-07,,,,,,471.0,,,,,,,,,,,,,,,,,,,,,,,,,,,,,,,,,,,,,,,
,,,Value/Contra,,,,,,,,,,,,05_category_inflows.csv,,,,,,2024-07,,,,,,1582.0,,,,,,,,,,,,,,,,,,,,,,,,,,,,,,,,,,,,,,,
,,,Sectoral/Thematic,,,,,,,,,,,,05_category_inflows.csv,,,,,,2024-07,,,,,,9896.0,,,,,,,,,,,,,,,,,,,,,,,,,,,,,,,,,,,,,,,
,,,Liquid,,,,,,,,,,,,05_category_inflows.csv,,,,,,2024-07,,,,,,34643.0,,,,,,,,,,,,,,,,,,,,,,,,,,,,,,,,,,,,,,,
,,,Short Duration,,,,,,,,,,,,05_category_inflows.csv,,,,,,2024-07,,,,,,4170.0,,,,,,,,,,,,,,,,,,,,,,,,,,,,,,,,,,,,,,,
,,,Gilt,,,,,,,,,,,,05_category_inflows.csv,,,,,,2024-07,,,,,,959.0,,,,,,,,,,,,,,,,,,,,,,,,,,,,,,,,,,,,,,,
,,,Hybrid,,,,,,,,,,,,05_category_inflows.csv,,,,,,2024-07,,,,,,3291.0,,,,,,,,,,,,,,,,,,,,,,,,,,,,,,,,,,,,,,,
,,,Large Cap,,,,,,,,,,,,05_category_inflows.csv,,,,,,2024-08,,,,,,1940.0,,,,,,,,,,,,,,,,,,,,,,,,,,,,,,,,,,,,,,,
,,,Mid Cap,,,,,,,,,,,,05_category_inflows.csv,,,,,,2024-08,,,,,,3899.0,,,,,,,,,,,,,,,,,,,,,,,,,,,,,,,,,,,,,,,
,,,Small Cap,,,,,,,,,,,,05_category_inflows.csv,,,,,,2024-08,,,,,,3376.0,,,,,,,,,,,,,,,,,,,,,,,,,,,,,,,,,,,,,,,
,,,Flexi Cap,,,,,,,,,,,,05_category_inflows.csv,,,,,,2024-08,,,,,,5562.0,,,,,,,,,,,,,,,,,,,,,,,,,,,,,,,,,,,,,,,
,,,Large & Mid Cap,,,,,,,,,,,,05_category_inflows.csv,,,,,,2024-08,,,,,,5411.0,,,,,,,,,,,,,,,,,,,,,,,,,,,,,,,,,,,,,,,
,,,ELSS,,,,,,,,,,,,05_category_inflows.csv,,,,,,2024-08,,,,,,499.0,,,,,,,,,,,,,,,,,,,,,,,,,,,,,,,,,,,,,,,
,,,Value/Contra,,,,,,,,,,,,05_category_inflows.csv,,,,,,2024-08,,,,,,1308.0,,,,,,,,,,,,,,,,,,,,,,,,,,,,,,,,,,,,,,,
,,,Sectoral/Thematic,,,,,,,,,,,,05_category_inflows.csv,,,,,,2024-08,,,,,,8360.0,,,,,,,,,,,,,,,,,,,,,,,,,,,,,,,,,,,,,,,
,,,Liquid,,,,,,,,,,,,05_category_inflows.csv,,,,,,2024-08,,,,,,41952.0,,,,,,,,,,,,,,,,,,,,,,,,,,,,,,,,,,,,,,,
,,,Short Duration,,,,,,,,,,,,05_category_inflows.csv,,,,,,2024-08,,,,,,4658.0,,,,,,,,,,,,,,,,,,,,,,,,,,,,,,,,,,,,,,,
,,,Gilt,,,,,,,,,,,,05_category_inflows.csv,,,,,,2024-08,,,,,,952.0,,,,,,,,,,,,,,,,,,,,,,,,,,,,,,,,,,,,,,,
,,,Hybrid,,,,,,,,,,,,05_category_inflows.csv,,,,,,2024-08,,,,,,3684.0,,,,,,,,,,,,,,,,,,,,,,,,,,,,,,,,,,,,,,,
,,,Large Cap,,,,,,,,,,,,05_category_inflows.csv,,,,,,2024-09,,,,,,1879.0,,,,,,,,,,,,,,,,,,,,,,,,,,,,,,,,,,,,,,,
,,,Mid Cap,,,,,,,,,,,,05_category_inflows.csv,,,,,,2024-09,,,,,,4960.0,,,,,,,,,,,,,,,,,,,,,,,,,,,,,,,,,,,,,,,
,,,Small Cap,,,,,,,,,,,,05_category_inflows.csv,,,,,,2024-09,,,,,,4137.0,,,,,,,,,,,,,,,,,,,,,,,,,,,,,,,,,,,,,,,
,,,Flexi Cap,,,,,,,,,,,,05_category_inflows.csv,,,,,,2024-09,,,,,,5397.0,,,,,,,,,,,,,,,,,,,,,,,,,,,,,,,,,,,,,,,
,,,Large & Mid Cap,,,,,,,,,,,,05_category_inflows.csv,,,,,,2024-09,,,,,,4528.0,,,,,,,,,,,,,,,,,,,,,,,,,,,,,,,,,,,,,,,
,,,ELSS,,,,,,,,,,,,05_category_inflows.csv,,,,,,2024-09,,,,,,537.0,,,,,,,,,,,,,,,,,,,,,,,,,,,,,,,,,,,,,,,
,,,Value/Contra,,,,,,,,,,,,05_category_inflows.csv,,,,,,2024-09,,,,,,1334.0,,,,,,,,,,,,,,,,,,,,,,,,,,,,,,,,,,,,,,,
,,,Sectoral/Thematic,,,,,,,,,,,,05_category_inflows.csv,,,,,,2024-09,,,,,,8518.0,,,,,,,,,,,,,,,,,,,,,,,,,,,,,,,,,,,,,,,
,,,Liquid,,,,,,,,,,,,05_category_inflows.csv,,,,,,2024-09,,,,,,35308.0,,,,,,,,,,,,,,,,,,,,,,,,,,,,,,,,,,,,,,,
,,,Short Duration,,,,,,,,,,,,05_category_inflows.csv,,,,,,2024-09,,,,,,5327.0,,,,,,,,,,,,,,,,,,,,,,,,,,,,,,,,,,,,,,,
,,,Gilt,,,,,,,,,,,,05_category_inflows.csv,,,,,,2024-09,,,,,,925.0,,,,,,,,,,,,,,,,,,,,,,,,,,,,,,,,,,,,,,,
,,,Hybrid,,,,,,,,,,,,05_category_inflows.csv,,,,,,2024-09,,,,,,3015.0,,,,,,,,,,,,,,,,,,,,,,,,,,,,,,,,,,,,,,,
,,,Large Cap,,,,,,,,,,,,05_category_inflows.csv,,,,,,2024-10,,,,,,2255.0,,,,,,,,,,,,,,,,,,,,,,,,,,,,,,,,,,,,,,,
,,,Mid Cap,,,,,,,,,,,,05_category_inflows.csv,,,,,,2024-10,,,,,,4106.0,,,,,,,,,,,,,,,,,,,,,,,,,,,,,,,,,,,,,,,
,,,Small Cap,,,,,,,,,,,,05_category_inflows.csv,,,,,,2024-10,,,,,,4444.0,,,,,,,,,,,,,,,,,,,,,,,,,,,,,,,,,,,,,,,
,,,Flexi Cap,,,,,,,,,,,,05_category_inflows.csv,,,,,,2024-10,,,,,,6004.0,,,,,,,,,,,,,,,,,,,,,,,,,,,,,,,,,,,,,,,
,,,Large & Mid Cap,,,,,,,,,,,,05_category_inflows.csv,,,,,,2024-10,,,,,,4581.0,,,,,,,,,,,,,,,,,,,,,,,,,,,,,,,,,,,,,,,
,,,ELSS,,,,,,,,,,,,05_category_inflows.csv,,,,,,2024-10,,,,,,537.0,,,,,,,,,,,,,,,,,,,,,,,,,,,,,,,,,,,,,,,
,,,Value/Contra,,,,,,,,,,,,05_category_inflows.csv,,,,,,2024-10,,,,,,1595.0,,,,,,,,,,,,,,,,,,,,,,,,,,,,,,,,,,,,,,,
,,,Sectoral/Thematic,,,,,,,,,,,,05_category_inflows.csv,,,,,,2024-10,,,,,,7680.0,,,,,,,,,,,,,,,,,,,,,,,,,,,,,,,,,,,,,,,
,,,Liquid,,,,,,,,,,,,05_category_inflows.csv,,,,,,2024-10,,,,,,39091.0,,,,,,,,,,,,,,,,,,,,,,,,,,,,,,,,,,,,,,,
,,,Short Duration,,,,,,,,,,,,05_category_inflows.csv,,,,,,2024-10,,,,,,4675.0,,,,,,,,,,,,,,,,,,,,,,,,,,,,,,,,,,,,,,,
,,,Gilt,,,,,,,,,,,,05_category_inflows.csv,,,,,,2024-10,,,,,,898.0,,,,,,,,,,,,,,,,,,,,,,,,,,,,,,,,,,,,,,,
,,,Hybrid,,,,,,,,,,,,05_category_inflows.csv,,,,,,2024-10,,,,,,3314.0,,,,,,,,,,,,,,,,,,,,,,,,,,,,,,,,,,,,,,,
,,,Large Cap,,,,,,,,,,,,05_category_inflows.csv,,,,,,2024-11,,,,,,1870.0,,,,,,,,,,,,,,,,,,,,,,,,,,,,,,,,,,,,,,,
,,,Mid Cap,,,,,,,,,,,,05_category_inflows.csv,,,,,,2024-11,,,,,,4336.0,,,,,,,,,,,,,,,,,,,,,,,,,,,,,,,,,,,,,,,
,,,Small Cap,,,,,,,,,,,,05_category_inflows.csv,,,,,,2024-11,,,,,,3256.0,,,,,,,,,,,,,,,,,,,,,,,,,,,,,,,,,,,,,,,
,,,Flexi Cap,,,,,,,,,,,,05_category_inflows.csv,,,,,,2024-11,,,,,,6111.0,,,,,,,,,,,,,,,,,,,,,,,,,,,,,,,,,,,,,,,
,,,Large & Mid Cap,,,,,,,,,,,,05_category_inflows.csv,,,,,,2024-11,,,,,,5556.0,,,,,,,,,,,,,,,,,,,,,,,,,,,,,,,,,,,,,,,
,,,ELSS,,,,,,,,,,,,05_category_inflows.csv,,,,,,2024-11,,,,,,571.0,,,,,,,,,,,,,,,,,,,,,,,,,,,,,,,,,,,,,,,
,,,Value/Contra,,,,,,,,,,,,05_category_inflows.csv,,,,,,2024-11,,,,,,1436.0,,,,,,,,,,,,,,,,,,,,,,,,,,,,,,,,,,,,,,,
,,,Sectoral/Thematic,,,,,,,,,,,,05_category_inflows.csv,,,,,,2024-11,,,,,,7397.0,,,,,,,,,,,,,,,,,,,,,,,,,,,,,,,,,,,,,,,
,,,Liquid,,,,,,,,,,,,05_category_inflows.csv,,,,,,2024-11,,,,,,40506.0,,,,,,,,,,,,,,,,,,,,,,,,,,,,,,,,,,,,,,,
,,,Short Duration,,,,,,,,,,,,05_category_inflows.csv,,,,,,2024-11,,,,,,5316.0,,,,,,,,,,,,,,,,,,,,,,,,,,,,,,,,,,,,,,,
,,,Gilt,,,,,,,,,,,,05_category_inflows.csv,,,,,,2024-11,,,,,,704.0,,,,,,,,,,,,,,,,,,,,,,,,,,,,,,,,,,,,,,,
,,,Hybrid,,,,,,,,,,,,05_category_inflows.csv,,,,,,2024-11,,,,,,3264.0,,,,,,,,,,,,,,,,,,,,,,,,,,,,,,,,,,,,,,,
,,,Large Cap,,,,,,,,,,,,05_category_inflows.csv,,,,,,2024-12,,,,,,1923.0,,,,,,,,,,,,,,,,,,,,,,,,,,,,,,,,,,,,,,,
,,,Mid Cap,,,,,,,,,,,,05_category_inflows.csv,,,,,,2024-12,,,,,,5023.0,,,,,,,,,,,,,,,,,,,,,,,,,,,,,,,,,,,,,,,
,,,Small Cap,,,,,,,,,,,,05_category_inflows.csv,,,,,,2024-12,,,,,,4249.0,,,,,,,,,,,,,,,,,,,,,,,,,,,,,,,,,,,,,,,
,,,Flexi Cap,,,,,,,,,,,,05_category_inflows.csv,,,,,,2024-12,,,,,,4654.0,,,,,,,,,,,,,,,,,,,,,,,,,,,,,,,,,,,,,,,
,,,Large & Mid Cap,,,,,,,,,,,,05_category_inflows.csv,,,,,,2024-12,,,,,,4878.0,,,,,,,,,,,,,,,,,,,,,,,,,,,,,,,,,,,,,,,
,,,ELSS,,,,,,,,,,,,05_category_inflows.csv,,,,,,2024-12,,,,,,521.0,,,,,,,,,,,,,,,,,,,,,,,,,,,,,,,,,,,,,,,
,,,Value/Contra,,,,,,,,,,,,05_category_inflows.csv,,,,,,2024-12,,,,,,1414.0,,,,,,,,,,,,,,,,,,,,,,,,,,,,,,,,,,,,,,,
,,,Sectoral/Thematic,,,,,,,,,,,,05_category_inflows.csv,,,,,,2024-12,,,,,,9820.0,,,,,,,,,,,,,,,,,,,,,,,,,,,,,,,,,,,,,,,
,,,Liquid,,,,,,,,,,,,05_category_inflows.csv,,,,,,2024-12,,,,,,34933.0,,,,,,,,,,,,,,,,,,,,,,,,,,,,,,,,,,,,,,,
,,,Short Duration,,,,,,,,,,,,05_category_inflows.csv,,,,,,2024-12,,,,,,4159.0,,,,,,,,,,,,,,,,,,,,,,,,,,,,,,,,,,,,,,,
,,,Gilt,,,,,,,,,,,,05_category_inflows.csv,,,,,,2024-12,,,,,,831.0,,,,,,,,,,,,,,,,,,,,,,,,,,,,,,,,,,,,,,,
,,,Hybrid,,,,,,,,,,,,05_category_inflows.csv,,,,,,2024-12,,,,,,3538.0,,,,,,,,,,,,,,,,,,,,,,,,,,,,,,,,,,,,,,,
,,,Large Cap,,,,,,,,,,,,05_category_inflows.csv,,,,,,2025-01,,,,,,2025.0,,,,,,,,,,,,,,,,,,,,,,,,,,,,,,,,,,,,,,,
,,,Mid Cap,,,,,,,,,,,,05_category_inflows.csv,,,,,,2025-01,,,,,,4316.0,,,,,,,,,,,,,,,,,,,,,,,,,,,,,,,,,,,,,,,
,,,Small Cap,,,,,,,,,,,,05_category_inflows.csv,,,,,,2025-01,,,,,,4554.0,,,,,,,,,,,,,,,,,,,,,,,,,,,,,,,,,,,,,,,
,,,Flexi Cap,,,,,,,,,,,,05_category_inflows.csv,,,,,,2025-01,,,,,,5603.0,,,,,,,,,,,,,,,,,,,,,,,,,,,,,,,,,,,,,,,
,,,Large & Mid Cap,,,,,,,,,,,,05_category_inflows.csv,,,,,,2025-01,,,,,,4816.0,,,,,,,,,,,,,,,,,,,,,,,,,,,,,,,,,,,,,,,
,,,ELSS,,,,,,,,,,,,05_category_inflows.csv,,,,,,2025-01,,,,,,516.0,,,,,,,,,,,,,,,,,,,,,,,,,,,,,,,,,,,,,,,
,,,Value/Contra,,,,,,,,,,,,05_category_inflows.csv,,,,,,2025-01,,,,,,1339.0,,,,,,,,,,,,,,,,,,,,,,,,,,,,,,,,,,,,,,,
,,,Sectoral/Thematic,,,,,,,,,,,,05_category_inflows.csv,,,,,,2025-01,,,,,,7893.0,,,,,,,,,,,,,,,,,,,,,,,,,,,,,,,,,,,,,,,
,,,Liquid,,,,,,,,,,,,05_category_inflows.csv,,,,,,2025-01,,,,,,33892.0,,,,,,,,,,,,,,,,,,,,,,,,,,,,,,,,,,,,,,,
,,,Short Duration,,,,,,,,,,,,05_category_inflows.csv,,,,,,2025-01,,,,,,4752.0,,,,,,,,,,,,,,,,,,,,,,,,,,,,,,,,,,,,,,,
,,,Gilt,,,,,,,,,,,,05_category_inflows.csv,,,,,,2025-01,,,,,,744.0,,,,,,,,,,,,,,,,,,,,,,,,,,,,,,,,,,,,,,,
,,,Hybrid,,,,,,,,,,,,05_category_inflows.csv,,,,,,2025-01,,,,,,2967.0,,,,,,,,,,,,,,,,,,,,,,,,,,,,,,,,,,,,,,,
,,,Large Cap,,,,,,,,,,,,05_category_inflows.csv,,,,,,2025-02,,,,,,1925.0,,,,,,,,,,,,,,,,,,,,,,,,,,,,,,,,,,,,,,,
,,,Mid Cap,,,,,,,,,,,,05_category_inflows.csv,,,,,,2025-02,,,,,,4819.0,,,,,,,,,,,,,,,,,,,,,,,,,,,,,,,,,,,,,,,
,,,Small Cap,,,,,,,,,,,,05_category_inflows.csv,,,,,,2025-02,,,,,,3534.0,,,,,,,,,,,,,,,,,,,,,,,,,,,,,,,,,,,,,,,
,,,Flexi Cap,,,,,,,,,,,,05_category_inflows.csv,,,,,,2025-02,,,,,,6068.0,,,,,,,,,,,,,,,,,,,,,,,,,,,,,,,,,,,,,,,
,,,Large & Mid Cap,,,,,,,,,,,,05_category_inflows.csv,,,,,,2025-02,,,,,,5524.0,,,,,,,,,,,,,,,,,,,,,,,,,,,,,,,,,,,,,,,
,,,ELSS,,,,,,,,,,,,05_category_inflows.csv,,,,,,2025-02,,,,,,437.0,,,,,,,,,,,,,,,,,,,,,,,,,,,,,,,,,,,,,,,
,,,Value/Contra,,,,,,,,,,,,05_category_inflows.csv,,,,,,2025-02,,,,,,1400.0,,,,,,,,,,,,,,,,,,,,,,,,,,,,,,,,,,,,,,,
,,,Sectoral/Thematic,,,,,,,,,,,,05_category_inflows.csv,,,,,,2025-02,,,,,,9215.0,,,,,,,,,,,,,,,,,,,,,,,,,,,,,,,,,,,,,,,
,,,Liquid,,,,,,,,,,,,05_category_inflows.csv,,,,,,2025-02,,,,,,32374.0,,,,,,,,,,,,,,,,,,,,,,,,,,,,,,,,,,,,,,,
,,,Short Duration,,,,,,,,,,,,05_category_inflows.csv,,,,,,2025-02,,,,,,4033.0,,,,,,,,,,,,,,,,,,,,,,,,,,,,,,,,,,,,,,,
,,,Gilt,,,,,,,,,,,,05_category_inflows.csv,,,,,,2025-02,,,,,,942.0,,,,,,,,,,,,,,,,,,,,,,,,,,,,,,,,,,,,,,,
,,,Hybrid,,,,,,,,,,,,05_category_inflows.csv,,,,,,2025-02,,,,,,3360.0,,,,,,,,,,,,,,,,,,,,,,,,,,,,,,,,,,,,,,,
,,,Large Cap,,,,,,,,,,,,05_category_inflows.csv,,,,,,2025-03,,,,,,2234.0,,,,,,,,,,,,,,,,,,,,,,,,,,,,,,,,,,,,,,,
,,,Mid Cap,,,,,,,,,,,,05_category_inflows.csv,,,,,,2025-03,,,,,,5061.0,,,,,,,,,,,,,,,,,,,,,,,,,,,,,,,,,,,,,,,
,,,Small Cap,,,,,,,,,,,,05_category_inflows.csv,,,,,,2025-03,,,,,,4304.0,,,,,,,,,,,,,,,,,,,,,,,,,,,,,,,,,,,,,,,
,,,Flexi Cap,,,,,,,,,,,,05_category_inflows.csv,,,,,,2025-03,,,,,,4767.0,,,,,,,,,,,,,,,,,,,,,,,,,,,,,,,,,,,,,,,
,,,Large & Mid Cap,,,,,,,,,,,,05_category_inflows.csv,,,,,,2025-03,,,,,,4243.0,,,,,,,,,,,,,,,,,,,,,,,,,,,,,,,,,,,,,,,
,,,ELSS,,,,,,,,,,,,05_category_inflows.csv,,,,,,2025-03,,,,,,500.0,,,,,,,,,,,,,,,,,,,,,,,,,,,,,,,,,,,,,,,
,,,Value/Contra,,,,,,,,,,,,05_category_inflows.csv,,,,,,2025-03,,,,,,1497.0,,,,,,,,,,,,,,,,,,,,,,,,,,,,,,,,,,,,,,,
,,,Sectoral/Thematic,,,,,,,,,,,,05_category_inflows.csv,,,,,,2025-03,,,,,,8614.0,,,,,,,,,,,,,,,,,,,,,,,,,,,,,,,,,,,,,,,
,,,Liquid,,,,,,,,,,,,05_category_inflows.csv,,,,,,2025-03,,,,,,38681.0,,,,,,,,,,,,,,,,,,,,,,,,,,,,,,,,,,,,,,,
,,,Short Duration,,,,,,,,,,,,05_category_inflows.csv,,,,,,2025-03,,,,,,4886.0,,,,,,,,,,,,,,,,,,,,,,,,,,,,,,,,,,,,,,,
,,,Gilt,,,,,,,,,,,,05_category_inflows.csv,,,,,,2025-03,,,,,,956.0,,,,,,,,,,,,,,,,,,,,,,,,,,,,,,,,,,,,,,,
,,,Hybrid,,,,,,,,,,,,05_category_inflows.csv,,,,,,2025-03,,,,,,2830.0,,,,,,,,,,,,,,,,,,,,,,,,,,,,,,,,,,,,,,,
,,,,,,,,,,,,,,,06_industry_folio_count.csv,,,,,,2022-01,,,,,,,13.26,9.28,1.86,0.8,1.33,,,,,,,,,,,,,,,,,,,,,,,,,,,,,,,,,,
,,,,,,,,,,,,,,,06_industry_folio_count.csv,,,,,,2022-04,,,,,,,13.91,9.74,1.95,0.83,1.39,,,,,,,,,,,,,,,,,,,,,,,,,,,,,,,,,,
,,,,,,,,,,,,,,,06_industry_folio_count.csv,,,,,,2022-07,,,,,,,13.85,9.69,1.94,0.83,1.38,,,,,,,,,,,,,,,,,,,,,,,,,,,,,,,,,,
,,,,,,,,,,,,,,,06_industry_folio_count.csv,,,,,,2022-10,,,,,,,14.12,9.88,1.98,0.85,1.41,,,,,,,,,,,,,,,,,,,,,,,,,,,,,,,,,,
,,,,,,,,,,,,,,,06_industry_folio_count.csv,,,,,,2023-01,,,,,,,14.81,10.37,2.07,0.89,1.48,,,,,,,,,,,,,,,,,,,,,,,,,,,,,,,,,,
,,,,,,,,,,,,,,,06_industry_folio_count.csv,,,,,,2023-04,,,,,,,15.54,10.88,2.18,0.93,1.55,,,,,,,,,,,,,,,,,,,,,,,,,,,,,,,,,,
,,,,,,,,,,,,,,,06_industry_folio_count.csv,,,,,,2023-07,,,,,,,16.28,11.4,2.28,0.98,1.63,,,,,,,,,,,,,,,,,,,,,,,,,,,,,,,,,,
,,,,,,,,,,,,,,,06_industry_folio_count.csv,,,,,,2023-10,,,,,,,16.72,11.7,2.34,1.0,1.67,,,,,,,,,,,,,,,,,,,,,,,,,,,,,,,,,,
,,,,,,,,,,,,,,,06_industry_folio_count.csv,,,,,,2024-01,,,,,,,17.78,12.45,2.49,1.07,1.78,,,,,,,,,,,,,,,,,,,,,,,,,,,,,,,,,,
,,,,,,,,,,,,,,,06_industry_folio_count.csv,,,,,,2024-04,,,,,,,18.85,13.2,2.64,1.13,1.89,,,,,,,,,,,,,,,,,,,,,,,,,,,,,,,,,,
,,,,,,,,,,,,,,,06_industry_folio_count.csv,,,,,,2024-07,,,,,,,19.98,13.99,2.8,1.2,2.0,,,,,,,,,,,,,,,,,,,,,,,,,,,,,,,,,,
,,,,,,,,,,,,,,,06_industry_folio_count.csv,,,,,,2024-10,,,,,,,21.62,15.13,3.03,1.3,2.16,,,,,,,,,,,,,,,,,,,,,,,,,,,,,,,,,,
,,,,,,,,,,,,,,,06_industry_folio_count.csv,,,,,,2024-12,,,,,,,22.89,16.02,3.2,1.37,2.29,,,,,,,,,,,,,,,,,,,,,,,,,,,,,,,,,,
,,,,,,,,,,,,,,,06_industry_folio_count.csv,,,,,,2025-01,,,,,,,23.1,16.17,3.23,1.39,2.31,,,,,,,,,,,,,,,,,,,,,,,,,,,,,,,,,,
,,,,,,,,,,,,,,,06_industry_folio_count.csv,,,,,,2025-03,,,,,,,23.45,16.42,3.28,1.41,2.35,,,,,,,,,,,,,,,,,,,,,,,,,,,,,,,,,,
,,,,,,,,,,,,,,,06_industry_folio_count.csv,,,,,,2025-04,,,,,,,23.89,16.72,3.34,1.43,2.39,,,,,,,,,,,,,,,,,,,,,,,,,,,,,,,,,,
,,,,,,,,,,,,,,,06_industry_folio_count.csv,,,,,,2025-07,,,,,,,24.57,17.2,3.44,1.47,2.46,,,,,,,,,,,,,,,,,,,,,,,,,,,,,,,,,,
,,,,,,,,,,,,,,,06_industry_folio_count.csv,,,,,,2025-08,,,,,,,24.89,17.42,3.48,1.49,2.49,,,,,,,,,,,,,,,,,,,,,,,,,,,,,,,,,,
,,,,,,,,,,,,,,,06_industry_folio_count.csv,,,,,,2025-09,,,,,,,25.19,17.63,3.53,1.51,2.52,,,,,,,,,,,,,,,,,,,,,,,,,,,,,,,,,,
,,,,,,,,,,,,,,,06_industry_folio_count.csv,,,,,,2025-10,,,,,,,25.6,17.92,3.58,1.54,2.56,,,,,,,,,,,,,,,,,,,,,,,,,,,,,,,,,,
,,,,,,,,,,,,,,,06_industry_folio_count.csv,,,,,,2025-12,,,,,,,26.12,18.28,3.66,1.57,2.61,,,,,,,,,,,,,,,,,,,,,,,,,,,,,,,,,,
119551.0,SBI Mutual Fund,SBI Bluechip Fund - Regular Plan - Growth,Large Cap,,Regular,,,1.54,,,,,,,07_scheme_performance.csv,,,,14288.0,,,,,,,,,,,,,,12.42,12.36,14.45,11.49,0.87,0.89,0.88,1.29,14.0,-21.7,4.0,Moderate,,,,,,,,,,,,,,,,,,,,,,
119552.0,SBI Mutual Fund,SBI Bluechip Fund - Direct Plan - Growth,Large Cap,,Direct,,,0.66,,,,,,,07_scheme_performance.csv,,,,1231.0,,,,,,,,,,,,,,15.25,11.3,14.23,9.52,1.78,0.87,0.81,1.29,14.0,-24.43,3.0,Moderate,,,,,,,,,,,,,,,,,,,,,,
119598.0,SBI Mutual Fund,SBI Small Cap Fund - Regular Plan - Growth,Small Cap,,Regular,,,1.43,,,,,,,07_scheme_performance.csv,,,,19259.0,,,,,,,,,,,,,,24.56,23.39,20.67,22.16,1.23,0.89,0.94,1.35,25.0,-13.35,5.0,Very High,,,,,,,,,,,,,,,,,,,,,,
119599.0,SBI Mutual Fund,SBI Small Cap Fund - Direct Plan - Growth,Small Cap,,Direct,,,0.72,,,,,,,07_scheme_performance.csv,,,,36061.0,,,,,,,,,,,,,,20.59,23.14,21.82,22.01,1.13,1.04,0.93,1.67,25.0,-24.78,4.0,Very High,,,,,,,,,,,,,,,,,,,,,,
119120.0,SBI Mutual Fund,SBI Magnum Gilt Fund - Regular Plan - Growth,Gilt,,Regular,,,0.77,,,,,,,07_scheme_performance.csv,,,,24101.0,,,,,,,,,,,,,,5.34,6.07,5.43,4.47,1.6,0.22,1.52,2.11,4.0,-2.3,5.0,Low,,,,,,,,,,,,,,,,,,,,,,
100016.0,HDFC Mutual Fund,HDFC Top 100 Fund - Regular Plan - Growth,Large Cap,,Regular,,,1.55,,,,,,,07_scheme_performance.csv,,,,6434.0,,,,,,,,,,,,,,10.94,14.84,11.32,14.06,0.78,0.97,1.06,1.7,14.0,-17.41,5.0,Moderate,,,,,,,,,,,,,,,,,,,,,,
125497.0,HDFC Mutual Fund,HDFC Top 100 Fund - Direct Plan - Growth,Large Cap,,Direct,,,0.92,,,,,,,07_scheme_performance.csv,,,,10611.0,,,,,,,,,,,,,,11.48,13.38,13.48,12.25,1.13,0.97,0.96,1.45,14.0,-33.5,4.0,Moderate,,,,,,,,,,,,,,,,,,,,,,
100033.0,HDFC Mutual Fund,HDFC Mid-Cap Opportunities Fund - Regular - Growth,Mid Cap,,Regular,,,1.38,,,,,,,07_scheme_performance.csv,,,,23185.0,,,,,,,,,,,,,,15.43,16.58,17.69,15.63,0.95,0.91,0.87,1.44,19.0,-13.67,5.0,High,,,,,,,,,,,,,,,,,,,,,,
125498.0,HDFC Mutual Fund,HDFC Mid-Cap Opportunities Fund - Direct - Growth,Mid Cap,,Direct,,,0.78,,,,,,,07_scheme_performance.csv,,,,18792.0,,,,,,,,,,,,,,19.98,15.29,15.85,14.39,0.9,1.04,0.8,1.38,19.0,-32.22,4.0,High,,,,,,,,,,,,,,,,,,,,,,
100025.0,HDFC Mutual Fund,HDFC Short Term Debt Fund - Regular - Growth,Short Duration,,Regular,,,0.56,,,,,,,07_scheme_performance.csv,,,,27953.0,,,,,,,,,,,,,,6.83,7.37,6.41,5.39,1.98,0.44,1.84,2.79,4.0,-6.01,3.0,Low,,,,,,,,,,,,,,,,,,,,,,
120503.0,ICICI Prudential MF,ICICI Pru Bluechip Fund - Regular - Growth,Large Cap,,Regular,,,1.42,,,,,,,07_scheme_performance.csv,,,,36022.0,,,,,,,,,,,,,,15.63,11.54,11.46,10.88,0.66,0.96,0.82,1.12,14.0,-25.91,4.0,Moderate,,,,,,,,,,,,,,,,,,,,,,
120504.0,ICICI Prudential MF,ICICI Pru Bluechip Fund - Direct - Growth,Large Cap,,Direct,,,0.8,,,,,,,07_scheme_performance.csv,,,,41553.0,,,,,,,,,,,,,,14.12,14.41,13.02,13.53,0.88,1.03,1.03,1.27,14.0,-26.59,3.0,Moderate,,,,,,,,,,,,,,,,,,,,,,
120505.0,ICICI Prudential MF,ICICI Pru Midcap Fund - Regular - Growth,Mid Cap,,Regular,,,1.36,,,,,,,07_scheme_performance.csv,,,,979.0,,,,,,,,,,,,,,14.02,18.08,17.55,17.19,0.89,1.0,0.95,1.45,19.0,-21.84,3.0,High,,,,,,,,,,,,,,,,,,,,,,
120506.0,ICICI Prudential MF,ICICI Pru Value Discovery Fund - Regular - Growth,Value,,Regular,,,1.41,,,,,,,07_scheme_performance.csv,,,,2571.0,,,,,,,,,,,,,,16.67,14.76,12.6,14.21,0.55,0.92,0.98,1.5,15.0,-21.89,4.0,Moderately High,,,,,,,,,,,,,,,,,,,,,,
120507.0,ICICI Prudential MF,ICICI Pru Liquid Fund - Regular - Growth,Liquid,,Regular,,,0.74,,,,,,,07_scheme_performance.csv,,,,39116.0,,,,,,,,,,,,,,8.89,7.68,7.94,5.83,1.85,0.26,7.68,10.37,0.5,-2.62,5.0,Low,,,,,,,,,,,,,,,,,,,,,,
118632.0,Nippon India MF,Nippon India Large Cap Fund - Regular - Growth,Large Cap,,Regular,,,1.51,,,,,,,07_scheme_performance.csv,,,,20909.0,,,,,,,,,,,,,,15.84,14.0,14.7,13.14,0.86,0.88,1.0,1.68,14.0,-16.07,4.0,Moderate,,,,,,,,,,,,,,,,,,,,,,
118633.0,Nippon India MF,Nippon India Large Cap Fund - Direct - Growth,Large Cap,,Direct,,,0.72,,,,,,,07_scheme_performance.csv,,,,39475.0,,,,,,,,,,,,,,14.42,12.33,14.72,10.63,1.7,1.02,0.88,1.48,14.0,-18.14,3.0,Moderate,,,,,,,,,,,,,,,,,,,,,,
118634.0,Nippon India MF,Nippon India Small Cap Fund - Regular - Growth,Small Cap,,Regular,,,1.53,,,,,,,07_scheme_performance.csv,,,,43630.0,,,,,,,,,,,,,,21.3,20.15,21.88,19.35,0.8,1.03,0.81,1.14,25.0,-30.87,4.0,Very High,,,,,,,,,,,,,,,,,,,,,,
118635.0,Nippon India MF,Nippon India ETF Nifty 50 BeES,Index/ETF,,Direct,,,0.89,,,,,,,07_scheme_performance.csv,,,,20284.0,,,,,,,,,,,,,,10.14,11.77,12.31,9.97,1.8,1.04,0.91,1.24,13.0,-26.75,5.0,Moderate,,,,,,,,,,,,,,,,,,,,,,
118636.0,Nippon India MF,Nippon India Gilt Securities Fund - Regular - Growth,Gilt,,Regular,,,0.55,,,,,,,07_scheme_performance.csv,,,,30030.0,,,,,,,,,,,,,,6.19,5.31,8.71,4.42,0.89,0.37,1.33,2.38,4.0,-2.23,4.0,Low,,,,,,,,,,,,,,,,,,,,,,
120841.0,Kotak Mahindra MF,Kotak Bluechip Fund - Regular - Growth,Large Cap,,Regular,,,1.59,,,,,,,07_scheme_performance.csv,,,,35585.0,,,,,,,,,,,,,,14.37,12.25,13.42,10.98,1.27,0.93,0.87,1.34,14.0,-17.86,3.0,Moderate,,,,,,,,,,,,,,,,,,,,,,
120842.0,Kotak Mahindra MF,Kotak Emerging Equity Fund - Regular - Growth,Mid Cap,,Regular,,,1.56,,,,,,,07_scheme_performance.csv,,,,47469.0,,,,,,,,,,,,,,17.12,18.23,17.75,16.32,1.91,1.0,0.96,1.27,19.0,-21.92,4.0,High,,,,,,,,,,,,,,,,,,,,,,
120843.0,Kotak Mahindra MF,Kotak Flexicap Fund - Regular - Growth,Flexi Cap,,Regular,,,1.45,,,,,,,07_scheme_performance.csv,,,,35012.0,,,,,,,,,,,,,,15.74,15.65,13.5,13.8,1.85,0.95,0.98,1.57,16.0,-19.5,5.0,Moderately High,,,,,,,,,,,,,,,,,,,,,,
120844.0,Kotak Mahindra MF,Kotak Liquid Fund - Regular - Growth,Liquid,,Regular,,,0.6,,,,,,,07_scheme_performance.csv,,,,27623.0,,,,,,,,,,,,,,4.26,6.18,8.26,4.66,1.52,0.47,6.18,9.7,0.5,-3.81,3.0,Low,,,,,,,,,,,,,,,,,,,,,,
119092.0,Axis Mutual Fund,Axis Bluechip Fund - Regular - Growth,Large Cap,,Regular,,,1.64,,,,,,,07_scheme_performance.csv,,,,25803.0,,,,,,,,,,,,,,11.82,11.84,14.14,10.43,1.41,0.91,0.85,1.25,14.0,-27.54,4.0,Moderate,,,,,,,,,,,,,,,,,,,,,,
119093.0,Axis Mutual Fund,Axis Bluechip Fund - Direct - Growth,Large Cap,,Direct,,,0.75,,,,,,,07_scheme_performance.csv,,,,15866.0,,,,,,,,,,,,,,13.95,12.14,13.66,10.71,1.43,0.87,0.87,1.54,14.0,-17.4,4.0,Moderate,,,,,,,,,,,,,,,,,,,,,,
119094.0,Axis Mutual Fund,Axis Midcap Fund - Regular - Growth,Mid Cap,,Regular,,,1.38,,,,,,,07_scheme_performance.csv,,,,28996.0,,,,,,,,,,,,,,14.88,15.18,18.94,13.76,1.42,1.0,0.8,1.18,19.0,-32.38,5.0,High,,,,,,,,,,,,,,,,,,,,,,
119095.0,Axis Mutual Fund,Axis Small Cap Fund - Regular - Growth,Small Cap,,Regular,,,1.38,,,,,,,07_scheme_performance.csv,,,,21545.0,,,,,,,,,,,,,,21.97,20.98,22.62,20.47,0.51,1.0,0.84,1.4,25.0,-14.45,4.0,Very High,,,,,,,,,,,,,,,,,,,,,,
101206.0,Aditya Birla Sun Life MF,ABSL Frontline Equity Fund - Regular - Growth,Large Cap,,Regular,,,1.6,,,,,,,07_scheme_performance.csv,,,,23500.0,,,,,,,,,,,,,,14.82,13.78,12.86,12.44,1.34,1.03,0.98,1.25,14.0,-15.07,5.0,Moderate,,,,,,,,,,,,,,,,,,,,,,
101207.0,Aditya Birla Sun Life MF,ABSL Small Cap Fund - Regular - Growth,Small Cap,,Regular,,,1.53,,,,,,,07_scheme_performance.csv,,,,41613.0,,,,,,,,,,,,,,24.93,22.38,23.8,20.54,1.84,0.97,0.9,1.47,25.0,-23.61,5.0,Very High,,,,,,,,,,,,,,,,,,,,,,
101208.0,Aditya Birla Sun Life MF,ABSL Liquid Fund - Regular - Growth,Liquid,,Regular,,,0.79,,,,,,,07_scheme_performance.csv,,,,38995.0,,,,,,,,,,,,,,6.18,5.14,7.95,3.96,1.18,0.43,5.14,8.76,0.5,-3.66,5.0,Low,,,,,,,,,,,,,,,,,,,,,,
102885.0,UTI Mutual Fund,UTI Nifty 50 Index Fund - Regular - Growth,Index,,Regular,,,1.57,,,,,,,07_scheme_performance.csv,,,,7350.0,,,,,,,,,,,,,,13.76,12.1,11.31,11.17,0.93,0.9,0.93,1.29,13.0,-24.42,4.0,Moderate,,,,,,,,,,,,,,,,,,,,,,
102886.0,UTI Mutual Fund,UTI Mid Cap Fund - Regular - Growth,Mid Cap,,Regular,,,1.51,,,,,,,07_scheme_performance.csv,,,,41728.0,,,,,,,,,,,,,,16.3,15.61,15.86,14.49,1.12,0.92,0.82,1.21,19.0,-13.43,5.0,High,,,,,,,,,,,,,,,,,,,,,,
102887.0,UTI Mutual Fund,UTI Flexi Cap Fund - Regular - Growth,Flexi Cap,,Regular,,,1.64,,,,,,,07_scheme_performance.csv,,,,17912.0,,,,,,,,,,,,,,17.43,15.34,15.78,13.55,1.79,1.0,0.96,1.37,16.0,-12.14,5.0,Moderately High,,,,,,,,,,,,,,,,,,,,,,
148567.0,Mirae Asset MF,Mirae Asset Large Cap Fund - Regular - Growth,Large Cap,,Regular,,,1.46,,,,,,,07_scheme_performance.csv,,,,11361.0,,,,,,,,,,,,,,15.12,14.81,12.68,13.19,1.62,0.96,1.06,1.66,14.0,-17.07,5.0,Moderate,,,,,,,,,,,,,,,,,,,,,,
148568.0,Mirae Asset MF,Mirae Asset Emerging Bluechip Fund - Regular - Growth,Large & Mid Cap,,Regular,,,1.52,,,,,,,07_scheme_performance.csv,,,,49046.0,,,,,,,,,,,,,,14.91,14.56,15.68,12.86,1.7,0.99,0.91,1.55,16.0,-33.15,5.0,Moderately High,,,,,,,,,,,,,,,,,,,,,,
148569.0,Mirae Asset MF,Mirae Asset Tax Saver Fund - Regular - Growth,ELSS,,Regular,,,1.6,,,,,,,07_scheme_performance.csv,,,,2989.0,,,,,,,,,,,,,,11.16,13.58,14.26,13.04,0.54,0.98,0.8,1.03,17.0,-22.62,5.0,High,,,,,,,,,,,,,,,,,,,,,,
149322.0,DSP Mutual Fund,DSP Top 100 Equity Fund - Regular - Growth,Large Cap,,Regular,,,1.54,,,,,,,07_scheme_performance.csv,,,,41828.0,,,,,,,,,,,,,,11.96,12.82,12.35,11.0,1.82,0.91,0.92,1.63,14.0,-21.7,5.0,Moderate,,,,,,,,,,,,,,,,,,,,,,
149323.0,DSP Mutual Fund,DSP Midcap Fund - Regular - Growth,Mid Cap,,Regular,,,1.61,,,,,,,07_scheme_performance.csv,,,,37835.0,,,,,,,,,,,,,,14.12,17.16,19.0,16.14,1.02,0.98,0.9,1.5,19.0,-26.99,4.0,High,,,,,,,,,,,,,,,,,,,,,,
149324.0,DSP Mutual Fund,DSP Small Cap Fund - Regular - Growth,Small Cap,,Regular,,,1.52,,,,,,,07_scheme_performance.csv,,,,35124.0,,,,,,,,,,,,,,20.2,20.08,20.61,19.39,0.69,0.98,0.8,1.23,25.0,-17.01,4.0,Very High,,,,,,,,,,,,,,,,,,,,,,
119092.0,,,,,,,,,,,,,,,08_investor_transactions.csv,,,,,,,,,,,,,,,,,,,,,,,,,,,,,,INV003054,2024-01-01,SIP,1834.0,Telangana,Hyderabad,T30,56+,Female,77.1,UPI,Verified,,,,,,,,,,
148567.0,,,,,,,,,,,,,,,08_investor_transactions.csv,,,,,,,,,,,,,,,,,,,,,,,,,,,,,,INV002952,2024-01-01,Redemption,392882.0,Punjab,Amritsar,B30,18-25,Male,7.1,Cheque,Verified,,,,,,,,,,
118636.0,,,,,,,,,,,,,,,08_investor_transactions.csv,,,,,,,,,,,,,,,,,,,,,,,,,,,,,,INV003420,2024-01-01,SIP,912.0,Haryana,Faridabad,B30,36-45,Male,47.2,Mandate,Verified,,,,,,,,,,
118634.0,,,,,,,,,,,,,,,08_investor_transactions.csv,,,,,,,,,,,,,,,,,,,,,,,,,,,,,,INV003436,2024-01-01,SIP,1102.0,Maharashtra,Mumbai,T30,36-45,Female,54.4,Cheque,Pending,,,,,,,,,,
119094.0,,,,,,,,,,,,,,,08_investor_transactions.csv,,,,,,,,,,,,,,,,,,,,,,,,,,,,,,INV004691,2024-01-01,Lumpsum,8682.0,Delhi,Noida,T30,26-35,Male,14.5,Net Banking,Pending,,,,,,,,,,
101208.0,,,,,,,,,,,,,,,08_investor_transactions.csv,,,,,,,,,,,,,,,,,,,,,,,,,,,,,,INV001497,2024-01-01,SIP,3295.0,Maharashtra,Mumbai,T30,36-45,Male,56.8,Mandate,Verified,,,,,,,,,,
101208.0,,,,,,,,,,,,,,,08_investor_transactions.csv,,,,,,,,,,,,,,,,,,,,,,,,,,,,,,INV000786,2024-01-01,SIP,15047.0,Madhya Pradesh,Bhopal,B30,26-35,Male,17.9,Mandate,Verified,,,,,,,,,,
100016.0,,,,,,,,,,,,,,,08_investor_transactions.csv,,,,,,,,,,,,,,,,,,,,,,,,,,,,,,INV000616,2024-01-01,SIP,933.0,Maharashtra,Nashik,B30,36-45,Male,50.4,Mandate,Verified,,,,,,,,,,
119120.0,,,,,,,,,,,,,,,08_investor_transactions.csv,,,,,,,,,,,,,,,,,,,,,,,,,,,,,,INV003670,2024-01-01,SIP,10672.0,Punjab,Chandigarh,T30,36-45,Male,38.4,Net Banking,Verified,,,,,,,,,,
148567.0,,,,,,,,,,,,,,,08_investor_transactions.csv,,,,,,,,,,,,,,,,,,,,,,,,,,,,,,INV002054,2024-01-01,SIP,1111.0,Telangana,Hyderabad,T30,26-35,Male,17.8,Net Banking,Verified,,,,,,,,,,
101208.0,,,,,,,,,,,,,,,08_investor_transactions.csv,,,,,,,,,,,,,,,,,,,,,,,,,,,,,,INV002592,2024-01-01,Lumpsum,411860.0,Madhya Pradesh,Bhopal,B30,26-35,Female,15.7,Mandate,Verified,,,,,,,,,,
118636.0,,,,,,,,,,,,,,,08_investor_transactions.csv,,,,,,,,,,,,,,,,,,,,,,,,,,,,,,INV001023,2024-01-01,SIP,4865.0,Gujarat,Ahmedabad,T30,36-45,Male,27.1,Net Banking,Verified,,,,,,,,,,
120843.0,,,,,,,,,,,,,,,08_investor_transactions.csv,,,,,,,,,,,,,,,,,,,,,,,,,,,,,,INV002893,2024-01-01,SIP,8472.0,Telangana,Hyderabad,T30,56+,Male,69.4,UPI,Pending,,,,,,,,,,
102885.0,,,,,,,,,,,,,,,08_investor_transactions.csv,,,,,,,,,,,,,,,,,,,,,,,,,,,,,,INV000797,2024-01-01,SIP,58257.0,Rajasthan,Jaipur,T30,36-45,Female,53.7,Net Banking,Verified,,,,,,,,,,
118636.0,,,,,,,,,,,,,,,08_investor_transactions.csv,,,,,,,,,,,,,,,,,,,,,,,,,,,,,,INV000368,2024-01-01,Redemption,339882.0,Uttar Pradesh,Agra,B30,26-35,Male,16.2,UPI,Verified,,,,,,,,,,
119095.0,,,,,,,,,,,,,,,08_investor_transactions.csv,,,,,,,,,,,,,,,,,,,,,,,,,,,,,,INV000548,2024-01-01,SIP,1607.0,Karnataka,Mysore,B30,36-45,Male,53.2,Cheque,Verified,,,,,,,,,,
149322.0,,,,,,,,,,,,,,,08_investor_transactions.csv,,,,,,,,,,,,,,,,,,,,,,,,,,,,,,INV000600,2024-01-01,SIP,20890.0,Maharashtra,Mumbai,T30,26-35,Male,17.3,Net Banking,Verified,,,,,,,,,,
119599.0,,,,,,,,,,,,,,,08_investor_transactions.csv,,,,,,,,,,,,,,,,,,,,,,,,,,,,,,INV004347,2024-01-01,SIP,1862.0,West Bengal,Kolkata,T30,36-45,Male,20.5,Net Banking,Verified,,,,,,,,,,
120504.0,,,,,,,,,,,,,,,08_investor_transactions.csv,,,,,,,,,,,,,,,,,,,,,,,,,,,,,,INV000437,2024-01-01,SIP,900.0,Telangana,Hyderabad,T30,26-35,Female,6.1,UPI,Verified,,,,,,,,,,
120842.0,,,,,,,,,,,,,,,08_investor_transactions.csv,,,,,,,,,,,,,,,,,,,,,,,,,,,,,,INV000609,2024-01-01,SIP,8493.0,Tamil Nadu,Coimbatore,B30,18-25,Male,3.9,Mandate,Verified,,,,,,,,,,
118636.0,,,,,,,,,,,,,,,08_investor_transactions.csv,,,,,,,,,,,,,,,,,,,,,,,,,,,,,,INV000428,2024-01-01,SIP,9146.0,Delhi,Gurugram,T30,36-45,Male,27.2,Mandate,Verified,,,,,,,,,,
101207.0,,,,,,,,,,,,,,,08_investor_transactions.csv,,,,,,,,,,,,,,,,,,,,,,,,,,,,,,INV003329,2024-01-01,Lumpsum,295055.0,Madhya Pradesh,Indore,T30,56+,Male,25.2,Mandate,Verified,,,,,,,,,,
100025.0,,,,,,,,,,,,,,,08_investor_transactions.csv,,,,,,,,,,,,,,,,,,,,,,,,,,,,,,INV000968,2024-01-01,Lumpsum,497564.0,Tamil Nadu,Chennai,T30,36-45,Female,37.1,UPI,Verified,,,,,,,,,,
102885.0,,,,,,,,,,,,,,,08_investor_transactions.csv,,,,,,,,,,,,,,,,,,,,,,,,,,,,,,INV004154,2024-01-01,SIP,1897.0,Karnataka,Mysore,B30,18-25,Male,4.7,Net Banking,Verified,,,,,,,,,,
148567.0,,,,,,,,,,,,,,,08_investor_transactions.csv,,,,,,,,,,,,,,,,,,,,,,,,,,,,,,INV000234,2024-01-01,SIP,28094.0,Tamil Nadu,Coimbatore,B30,26-35,Male,23.8,Mandate,Verified,,,,,,,,,,
148567.0,,,,,,,,,,,,,,,08_investor_transactions.csv,,,,,,,,,,,,,,,,,,,,,,,,,,,,,,INV002885,2024-01-01,Lumpsum,430566.0,Delhi,Gurugram,T30,26-35,Male,23.4,Cheque,Pending,,,,,,,,,,
102885.0,,,,,,,,,,,,,,,08_investor_transactions.csv,,,,,,,,,,,,,,,,,,,,,,,,,,,,,,INV002157,2024-01-01,Lumpsum,112928.0,Punjab,Chandigarh,T30,26-35,Male,16.9,Mandate,Verified,,,,,,,,,,
120505.0,,,,,,,,,,,,,,,08_investor_transactions.csv,,,,,,,,,,,,,,,,,,,,,,,,,,,,,,INV001665,2024-01-01,SIP,3322.0,Telangana,Hyderabad,T30,36-45,Male,35.1,Mandate,Verified,,,,,,,,,,
120841.0,,,,,,,,,,,,,,,08_investor_transactions.csv,,,,,,,,,,,,,,,,,,,,,,,,,,,,,,INV002328,2024-01-01,SIP,29901.0,Haryana,Gurugram,T30,26-35,Male,11.6,Cheque,Verified,,,,,,,,,,
119599.0,,,,,,,,,,,,,,,08_investor_transactions.csv,,,,,,,,,,,,,,,,,,,,,,,,,,,,,,INV004174,2024-01-01,SIP,57353.0,Rajasthan,Udaipur,B30,18-25,Male,4.7,Mandate,Verified,,,,,,,,,,
120503.0,,,,,,,,,,,,,,,08_investor_transactions.csv,,,,,,,,,,,,,,,,,,,,,,,,,,,,,,INV004918,2024-01-01,Redemption,153828.0,Punjab,Amritsar,B30,56+,Female,46.9,UPI,Verified,,,,,,,,,,
120506.0,,,,,,,,,,,,,,,08_investor_transactions.csv,,,,,,,,,,,,,,,,,,,,,,,,,,,,,,INV000478,2024-01-01,SIP,59382.0,Gujarat,Surat,T30,36-45,Female,16.5,UPI,Verified,,,,,,,,,,
119552.0,,,,,,,,,,,,,,,08_investor_transactions.csv,,,,,,,,,,,,,,,,,,,,,,,,,,,,,,INV000467,2024-01-01,SIP,2623.0,Karnataka,Bangalore,T30,18-25,Female,7.1,Cheque,Verified,,,,,,,,,,
118636.0,,,,,,,,,,,,,,,08_investor_transactions.csv,,,,,,,,,,,,,,,,,,,,,,,,,,,,,,INV000603,2024-01-01,SIP,2858.0,West Bengal,Kolkata,T30,26-35,Male,17.3,Mandate,Verified,,,,,,,,,,
102886.0,,,,,,,,,,,,,,,08_investor_transactions.csv,,,,,,,,,,,,,,,,,,,,,,,,,,,,,,INV004770,2024-01-01,Lumpsum,92031.0,Gujarat,Surat,T30,18-25,Female,5.2,Mandate,Verified,,,,,,,,,,
118634.0,,,,,,,,,,,,,,,08_investor_transactions.csv,,,,,,,,,,,,,,,,,,,,,,,,,,,,,,INV004648,2024-01-01,SIP,17860.0,Maharashtra,Pune,T30,36-45,Male,54.3,Mandate,Pending,,,,,,,,,,
101208.0,,,,,,,,,,,,,,,08_investor_transactions.csv,,,,,,,,,,,,,,,,,,,,,,,,,,,,,,INV002432,2024-01-01,SIP,3513.0,Haryana,Gurugram,T30,46-55,Female,48.1,Net Banking,Verified,,,,,,,,,,
120844.0,,,,,,,,,,,,,,,08_investor_transactions.csv,,,,,,,,,,,,,,,,,,,,,,,,,,,,,,INV002338,2024-01-01,Lumpsum,292991.0,Delhi,New Delhi,T30,26-35,Male,23.6,UPI,Verified,,,,,,,,,,
101208.0,,,,,,,,,,,,,,,08_investor_transactions.csv,,,,,,,,,,,,,,,,,,,,,,,,,,,,,,INV001041,2024-01-01,SIP,8547.0,Madhya Pradesh,Bhopal,B30,18-25,Male,5.1,Cheque,Verified,,,,,,,,,,
148567.0,,,,,,,,,,,,,,,08_investor_transactions.csv,,,,,,,,,,,,,,,,,,,,,,,,,,,,,,INV001400,2024-01-01,SIP,10696.0,Tamil Nadu,Coimbatore,B30,36-45,Male,36.5,Mandate,Verified,,,,,,,,,,
101208.0,,,,,,,,,,,,,,,08_investor_transactions.csv,,,,,,,,,,,,,,,,,,,,,,,,,,,,,,INV000852,2024-01-01,SIP,15916.0,Maharashtra,Nashik,B30,26-35,Female,18.1,UPI,Verified,,,,,,,,,,
120504.0,,,,,,,,,,,,,,,08_investor_transactions.csv,,,,,,,,,,,,,,,,,,,,,,,,,,,,,,INV004915,2024-01-01,SIP,14096.0,Uttar Pradesh,Kanpur,B30,26-35,Male,9.6,Cheque,Verified,,,,,,,,,,
120844.0,,,,,,,,,,,,,,,08_investor_transactions.csv,,,,,,,,,,,,,,,,,,,,,,,,,,,,,,INV002984,2024-01-01,Redemption,230179.0,Delhi,Gurugram,T30,26-35,Male,18.1,Mandate,Verified,,,,,,,,,,
102886.0,,,,,,,,,,,,,,,08_investor_transactions.csv,,,,,,,,,,,,,,,,,,,,,,,,,,,,,,INV002782,2024-01-01,Lumpsum,250209.0,Punjab,Chandigarh,T30,18-25,Male,3.7,UPI,Verified,,,,,,,,,,
118632.0,,,,,,,,,,,,,,,08_investor_transactions.csv,,,,,,,,,,,,,,,,,,,,,,,,,,,,,,INV002316,2024-01-01,SIP,4715.0,Punjab,Amritsar,B30,26-35,Male,16.7,Cheque,Verified,,,,,,,,,,
125498.0,,,,,,,,,,,,,,,08_investor_transactions.csv,,,,,,,,,,,,,,,,,,,,,,,,,,,,,,INV000097,2024-01-01,Redemption,527377.0,Karnataka,Mysore,B30,18-25,Male,6.0,Net Banking,Verified,,,,,,,,,,
125498.0,,,,,,,,,,,,,,,08_investor_transactions.csv,,,,,,,,,,,,,,,,,,,,,,,,,,,,,,INV002139,2024-01-01,Redemption,359482.0,Haryana,Gurugram,T30,36-45,Female,28.6,Mandate,Verified,,,,,,,,,,
101208.0,,,,,,,,,,,,,,,08_investor_transactions.csv,,,,,,,,,,,,,,,,,,,,,,,,,,,,,,INV002219,2024-01-01,Redemption,525983.0,Karnataka,Mysore,B30,26-35,Male,6.9,Mandate,Verified,,,,,,,,,,
120841.0,,,,,,,,,,,,,,,08_investor_transactions.csv,,,,,,,,,,,,,,,,,,,,,,,,,,,,,,INV000576,2024-01-01,Redemption,43157.0,Delhi,New Delhi,T30,46-55,Male,79.7,UPI,Verified,,,,,,,,,,
120844.0,,,,,,,,,,,,,,,08_investor_transactions.csv,,,,,,,,,,,,,,,,,,,,,,,,,,,,,,INV002166,2024-01-01,SIP,1139.0,Haryana,Gurugram,T30,36-45,Male,33.3,Net Banking,Verified,,,,,,,,,,
100016.0,,,,,,,,,,,,,,,08_investor_transactions.csv,,,,,,,,,,,,,,,,,,,,,,,,,,,,,,INV000836,2024-01-01,SIP,1139.0,Haryana,Gurugram,T30,26-35,Male,24.4,Mandate,Verified,,,,,,,,,,
101207.0,,,,,,,,,,,,,,,08_investor_transactions.csv,,,,,,,,,,,,,,,,,,,,,,,,,,,,,,INV001540,2024-01-01,SIP,16264.0,Maharashtra,Pune,T30,26-35,Female,17.3,UPI,Verified,,,,,,,,,,
125498.0,,,,,,,,,,,,,,,08_investor_transactions.csv,,,,,,,,,,,,,,,,,,,,,,,,,,,,,,INV003664,2024-01-01,SIP,15555.0,Rajasthan,Udaipur,B30,46-55,Male,29.4,UPI,Verified,,,,,,,,,,
149324.0,,,,,,,,,,,,,,,08_investor_transactions.csv,,,,,,,,,,,,,,,,,,,,,,,,,,,,,,INV002966,2024-01-01,SIP,15946.0,Gujarat,Ahmedabad,T30,26-35,Female,18.4,Mandate,Verified,,,,,,,,,,
118634.0,,,,,,,,,,,,,,,08_investor_transactions.csv,,,,,,,,,,,,,,,,,,,,,,,,,,,,,,INV002387,2024-01-01,SIP,2891.0,Telangana,Hyderabad,T30,26-35,Male,13.1,UPI,Verified,,,,,,,,,,
101206.0,,,,,,,,,,,,,,,08_investor_transactions.csv,,,,,,,,,,,,,,,,,,,,,,,,,,,,,,INV000983,2024-01-01,SIP,3538.0,Telangana,Hyderabad,T30,36-45,Male,33.5,UPI,Verified,,,,,,,,,,
119094.0,,,,,,,,,,,,,,,08_investor_transactions.csv,,,,,,,,,,,,,,,,,,,,,,,,,,,,,,INV004128,2024-01-01,Redemption,58934.0,Haryana,Faridabad,B30,18-25,Male,3.3,UPI,Verified,,,,,,,,,,
120844.0,,,,,,,,,,,,,,,08_investor_transactions.csv,,,,,,,,,,,,,,,,,,,,,,,,,,,,,,INV000081,2024-01-01,SIP,1842.0,Gujarat,Surat,T30,36-45,Male,31.0,Net Banking,Verified,,,,,,,,,,
119551.0,,,,,,,,,,,,,,,08_investor_transactions.csv,,,,,,,,,,,,,,,,,,,,,,,,,,,,,,INV004548,2024-01-01,Lumpsum,564276.0,Delhi,Noida,T30,36-45,Female,58.1,Cheque,Verified,,,,,,,,,,
120844.0,,,,,,,,,,,,,,,08_investor_transactions.csv,,,,,,,,,,,,,,,,,,,,,,,,,,,,,,INV002253,2024-01-01,Redemption,289915.0,West Bengal,Kolkata,T30,46-55,Male,28.6,Net Banking,Verified,,,,,,,,,,
148568.0,,,,,,,,,,,,,,,08_investor_transactions.csv,,,,,,,,,,,,,,,,,,,,,,,,,,,,,,INV002942,2024-01-01,Redemption,233200.0,Delhi,Noida,T30,36-45,Male,27.8,Cheque,Verified,,,,,,,,,,
119599.0,,,,,,,,,,,,,,,08_investor_transactions.csv,,,,,,,,,,,,,,,,,,,,,,,,,,,,,,INV004308,2024-01-01,SIP,25855.0,Gujarat,Surat,T30,26-35,Female,11.1,Mandate,Verified,,,,,,,,,,
148568.0,,,,,,,,,,,,,,,08_investor_transactions.csv,,,,,,,,,,,,,,,,,,,,,,,,,,,,,,INV000488,2024-01-01,Redemption,343317.0,Karnataka,Mysore,B30,56+,Male,31.4,Cheque,Verified,,,,,,,,,,
119120.0,,,,,,,,,,,,,,,08_investor_transactions.csv,,,,,,,,,,,,,,,,,,,,,,,,,,,,,,INV002560,2024-01-02,SIP,6321.0,Haryana,Faridabad,B30,26-35,Male,6.4,Net Banking,Verified,,,,,,,,,,
100033.0,,,,,,,,,,,,,,,08_investor_transactions.csv,,,,,,,,,,,,,,,,,,,,,,,,,,,,,,INV003028,2024-01-02,SIP,25360.0,Tamil Nadu,Chennai,T30,26-35,Female,12.8,Cheque,Verified,,,,,,,,,,
148569.0,,,,,,,,,,,,,,,08_investor_transactions.csv,,,,,,,,,,,,,,,,,,,,,,,,,,,,,,INV002868,2024-01-02,SIP,59797.0,Gujarat,Ahmedabad,T30,26-35,Female,24.7,Net Banking,Verified,,,,,,,,,,
120843.0,,,,,,,,,,,,,,,08_investor_transactions.csv,,,,,,,,,,,,,,,,,,,,,,,,,,,,,,INV001156,2024-01-02,SIP,28986.0,Madhya Pradesh,Indore,T30,56+,Female,58.8,Cheque,Pending,,,,,,,,,,
120843.0,,,,,,,,,,,,,,,08_investor_transactions.csv,,,,,,,,,,,,,,,,,,,,,,,,,,,,,,INV000313,2024-01-02,Lumpsum,497034.0,Tamil Nadu,Chennai,T30,18-25,Female,3.1,Net Banking,Verified,,,,,,,,,,
118632.0,,,,,,,,,,,,,,,08_investor_transactions.csv,,,,,,,,,,,,,,,,,,,,,,,,,,,,,,INV003926,2024-01-02,SIP,1891.0,West Bengal,Kolkata,T30,46-55,Male,92.8,UPI,Verified,,,,,,,,,,
125497.0,,,,,,,,,,,,,,,08_investor_transactions.csv,,,,,,,,,,,,,,,,,,,,,,,,,,,,,,INV003383,2024-01-02,Redemption,241316.0,Karnataka,Mysore,B30,18-25,Male,4.6,Net Banking,Verified,,,,,,,,,,
118632.0,,,,,,,,,,,,,,,08_investor_transactions.csv,,,,,,,,,,,,,,,,,,,,,,,,,,,,,,INV001017,2024-01-02,Redemption,16893.0,West Bengal,Kolkata,T30,26-35,Female,19.0,Cheque,Verified,,,,,,,,,,
120843.0,,,,,,,,,,,,,,,08_investor_transactions.csv,,,,,,,,,,,,,,,,,,,,,,,,,,,,,,INV003225,2024-01-02,SIP,3346.0,West Bengal,Kolkata,T30,26-35,Male,9.2,UPI,Verified,,,,,,,,,,
102887.0,,,,,,,,,,,,,,,08_investor_transactions.csv,,,,,,,,,,,,,,,,,,,,,,,,,,,,,,INV003892,2024-01-02,SIP,7250.0,Punjab,Amritsar,B30,46-55,Male,24.4,Mandate,Verified,,,,,,,,,,
100016.0,,,,,,,,,,,,,,,08_investor_transactions.csv,,,,,,,,,,,,,,,,,,,,,,,,,,,,,,INV002135,2024-01-02,Lumpsum,437305.0,Gujarat,Ahmedabad,T30,56+,Male,18.3,Net Banking,Verified,,,,,,,,,,
149322.0,,,,,,,,,,,,,,,08_investor_transactions.csv,,,,,,,,,,,,,,,,,,,,,,,,,,,,,,INV002961,2024-01-02,SIP,16811.0,Gujarat,Ahmedabad,T30,26-35,Male,13.0,Net Banking,Verified,,,,,,,,,,
101208.0,,,,,,,,,,,,,,,08_investor_transactions.csv,,,,,,,,,,,,,,,,,,,,,,,,,,,,,,INV000983,2024-01-02,SIP,10547.0,Telangana,Hyderabad,T30,36-45,Male,33.5,Net Banking,Verified,,,,,,,,,,
119092.0,,,,,,,,,,,,,,,08_investor_transactions.csv,,,,,,,,,,,,,,,,,,,,,,,,,,,,,,INV003821,2024-01-02,SIP,7584.0,Delhi,Noida,T30,18-25,Female,6.4,UPI,Pending,,,,,,,,,,
102886.0,,,,,,,,,,,,,,,08_investor_transactions.csv,,,,,,,,,,,,,,,,,,,,,,,,,,,,,,INV002940,2024-01-02,SIP,966.0,Haryana,Faridabad,B30,26-35,Male,18.3,Cheque,Verified,,,,,,,,,,
102886.0,,,,,,,,,,,,,,,08_investor_transactions.csv,,,,,,,,,,,,,,,,,,,,,,,,,,,,,,INV002817,2024-01-02,Lumpsum,26453.0,Gujarat,Ahmedabad,T30,26-35,Male,15.8,UPI,Verified,,,,,,,,,,
120504.0,,,,,,,,,,,,,,,08_investor_transactions.csv,,,,,,,,,,,,,,,,,,,,,,,,,,,,,,INV001890,2024-01-02,Redemption,205486.0,Karnataka,Mysore,B30,26-35,Male,14.0,Mandate,Verified,,,,,,,,,,
120505.0,,,,,,,,,,,,,,,08_investor_transactions.csv,,,,,,,,,,,,,,,,,,,,,,,,,,,,,,INV001888,2024-01-02,Redemption,410786.0,Delhi,New Delhi,T30,18-25,Female,6.4,UPI,Verified,,,,,,,,,,
118634.0,,,,,,,,,,,,,,,08_investor_transactions.csv,,,,,,,,,,,,,,,,,,,,,,,,,,,,,,INV000370,2024-01-02,SIP,17394.0,Delhi,Noida,T30,26-35,Female,12.4,Mandate,Verified,,,,,,,,,,
102886.0,,,,,,,,,,,,,,,08_investor_transactions.csv,,,,,,,,,,,,,,,,,,,,,,,,,,,,,,INV002981,2024-01-02,Lumpsum,100110.0,Maharashtra,Mumbai,T30,18-25,Female,7.3,Mandate,Verified,,,,,,,,,,
148569.0,,,,,,,,,,,,,,,08_investor_transactions.csv,,,,,,,,,,,,,,,,,,,,,,,,,,,,,,INV003027,2024-01-02,Lumpsum,330642.0,Telangana,Hyderabad,T30,26-35,Male,20.8,Cheque,Verified,,,,,,,,,,
118636.0,,,,,,,,,,,,,,,08_investor_transactions.csv,,,,,,,,,,,,,,,,,,,,,,,,,,,,,,INV001106,2024-01-02,Lumpsum,50410.0,Tamil Nadu,Chennai,T30,26-35,Male,13.1,Net Banking,Verified,,,,,,,,,,
118632.0,,,,,,,,,,,,,,,08_investor_transactions.csv,,,,,,,,,,,,,,,,,,,,,,,,,,,,,,INV003942,2024-01-02,SIP,16594.0,Haryana,Faridabad,B30,26-35,Female,23.3,Cheque,Verified,,,,,,,,,,
101207.0,,,,,,,,,,,,,,,08_investor_transactions.csv,,,,,,,,,,,,,,,,,,,,,,,,,,,,,,INV000339,2024-01-02,Redemption,383487.0,Uttar Pradesh,Kanpur,B30,26-35,Male,22.3,Cheque,Verified,,,,,,,,,,
125497.0,,,,,,,,,,,,,,,08_investor_transactions.csv,,,,,,,,,,,,,,,,,,,,,,,,,,,,,,INV002811,2024-01-02,SIP,2631.0,Uttar Pradesh,Agra,B30,36-45,Male,43.7,Net Banking,Verified,,,,,,,,,,
100025.0,,,,,,,,,,,,,,,08_investor_transactions.csv,,,,,,,,,,,,,,,,,,,,,,,,,,,,,,INV004296,2024-01-02,SIP,879.0,Telangana,Hyderabad,T30,26-35,Male,18.2,UPI,Verified,,,,,,,,,,
119599.0,,,,,,,,,,,,,,,08_investor_transactions.csv,,,,,,,,,,,,,,,,,,,,,,,,,,,,,,INV002976,2024-01-02,Lumpsum,234926.0,Tamil Nadu,Coimbatore,B30,26-35,Male,23.7,Mandate,Verified,,,,,,,,,,
120505.0,,,,,,,,,,,,,,,08_investor_transactions.csv,,,,,,,,,,,,,,,,,,,,,,,,,,,,,,INV000349,2024-01-02,Redemption,335222.0,Maharashtra,Mumbai,T30,18-25,Female,3.8,Mandate,Verified,,,,,,,,,,
101208.0,,,,,,,,,,,,,,,08_investor_transactions.csv,,,,,,,,,,,,,,,,,,,,,,,,,,,,,,INV002546,2024-01-02,Redemption,22305.0,Gujarat,Surat,T30,26-35,Male,19.3,UPI,Verified,,,,,,,,,,
120843.0,,,,,,,,,,,,,,,08_investor_transactions.csv,,,,,,,,,,,,,,,,,,,,,,,,,,,,,,INV003505,2024-01-02,Lumpsum,362856.0,West Bengal,Kolkata,T30,56+,Female,53.5,Net Banking,Verified,,,,,,,,,,
118633.0,,,,,,,,,,,,,,,08_investor_transactions.csv,,,,,,,,,,,,,,,,,,,,,,,,,,,,,,INV000006,2024-01-02,SIP,8594.0,Madhya Pradesh,Bhopal,B30,46-55,Female,43.0,Cheque,Verified,,,,,,,,,,
120843.0,,,,,,,,,,,,,,,08_investor_transactions.csv,,,,,,,,,,,,,,,,,,,,,,,,,,,,,,INV000662,2024-01-02,SIP,427.0,Gujarat,Surat,T30,36-45,Female,20.1,Cheque,Verified,,,,,,,,,,
119092.0,,,,,,,,,,,,,,,08_investor_transactions.csv,,,,,,,,,,,,,,,,,,,,,,,,,,,,,,INV001284,2024-01-02,Lumpsum,6499.0,West Bengal,Kolkata,T30,36-45,Male,49.0,Cheque,Verified,,,,,,,,,,
148568.0,,,,,,,,,,,,,,,08_investor_transactions.csv,,,,,,,,,,,,,,,,,,,,,,,,,,,,,,INV004127,2024-01-02,SIP,4185.0,Madhya Pradesh,Indore,T30,36-45,Female,27.3,Mandate,Verified,,,,,,,,,,
120506.0,,,,,,,,,,,,,,,08_investor_transactions.csv,,,,,,,,,,,,,,,,,,,,,,,,,,,,,,INV003208,2024-01-02,SIP,2506.0,Madhya Pradesh,Bhopal,B30,46-55,Male,80.0,Mandate,Verified,,,,,,,,,,
118634.0,,,,,,,,,,,,,,,08_investor_transactions.csv,,,,,,,,,,,,,,,,,,,,,,,,,,,,,,INV002165,2024-01-02,SIP,2539.0,Telangana,Hyderabad,T30,46-55,Male,46.2,Net Banking,Verified,,,,,,,,,,
148567.0,,,,,,,,,,,,,,,08_investor_transactions.csv,,,,,,,,,,,,,,,,,,,,,,,,,,,,,,INV002621,2024-01-02,SIP,401.0,Uttar Pradesh,Agra,B30,26-35,Female,22.6,UPI,Pending,,,,,,,,,,
148567.0,,,,,,,,,,,,,,,08_investor_transactions.csv,,,,,,,,,,,,,,,,,,,,,,,,,,,,,,INV004502,2024-01-02,SIP,10492.0,Rajasthan,Udaipur,B30,36-45,Male,59.0,Net Banking,Verified,,,,,,,,,,
149323.0,,,,,,,,,,,,,,,08_investor_transactions.csv,,,,,,,,,,,,,,,,,,,,,,,,,,,,,,INV001174,2024-01-02,SIP,977.0,Maharashtra,Nashik,B30,36-45,Male,12.7,Cheque,Verified,,,,,,,,,,
120842.0,,,,,,,,,,,,,,,08_investor_transactions.csv,,,,,,,,,,,,,,,,,,,,,,,,,,,,,,INV004658,2024-01-02,Lumpsum,17258.0,Punjab,Chandigarh,T30,56+,Male,48.7,Cheque,Verified,,,,,,,,,,
120844.0,,,,,,,,,,,,,,,08_investor_transactions.csv,,,,,,,,,,,,,,,,,,,,,,,,,,,,,,INV004656,2024-01-02,Lumpsum,357937.0,Haryana,Gurugram,T30,18-25,Male,4.7,Mandate,Verified,,,,,,,,,,
125498.0,,,,,,,,,,,,,,,08_investor_transactions.csv,,,,,,,,,,,,,,,,,,,,,,,,,,,,,,INV003658,2024-01-02,SIP,12014.0,West Bengal,Kolkata,T30,26-35,Male,6.3,UPI,Verified,,,,,,,,,,
119598.0,,,,,,,,,,,,,,,08_investor_transactions.csv,,,,,,,,,,,,,,,,,,,,,,,,,,,,,,INV003649,2024-01-02,Redemption,483596.0,Haryana,Gurugram,T30,46-55,Female,79.9,Cheque,Verified,,,,,,,,,,
149323.0,,,,,,,,,,,,,,,08_investor_transactions.csv,,,,,,,,,,,,,,,,,,,,,,,,,,,,,,INV004582,2024-01-02,Lumpsum,249744.0,Tamil Nadu,Chennai,T30,56+,Male,67.1,Net Banking,Verified,,,,,,,,,,
120842.0,,,,,,,,,,,,,,,08_investor_transactions.csv,,,,,,,,,,,,,,,,,,,,,,,,,,,,,,INV003232,2024-01-02,SIP,9766.0,Maharashtra,Pune,T30,36-45,Female,30.9,Mandate,Verified,,,,,,,,,,
149324.0,,,,,,,,,,,,,,,08_investor_transactions.csv,,,,,,,,,,,,,,,,,,,,,,,,,,,,,,INV004414,2024-01-02,SIP,14409.0,Uttar Pradesh,Lucknow,T30,26-35,Male,6.6,Mandate,Verified,,,,,,,,,,
119120.0,,,,,,,,,,,,,,,08_investor_transactions.csv,,,,,,,,,,,,,,,,,,,,,,,,,,,,,,INV001799,2024-01-02,Lumpsum,116421.0,Rajasthan,Udaipur,B30,56+,Female,45.2,Cheque,Verified,,,,,,,,,,
119552.0,,,,,,,,,,,,,,,08_investor_transactions.csv,,,,,,,,,,,,,,,,,,,,,,,,,,,,,,INV001506,2024-01-02,Lumpsum,19502.0,Delhi,Noida,T30,26-35,Female,16.0,UPI,Verified,,,,,,,,,,
119095.0,,,,,,,,,,,,,,,08_investor_transactions.csv,,,,,,,,,,,,,,,,,,,,,,,,,,,,,,INV001699,2024-01-02,SIP,1108.0,Madhya Pradesh,Indore,T30,26-35,Male,24.6,Net Banking,Verified,,,,,,,,,,
148569.0,,,,,,,,,,,,,,,08_investor_transactions.csv,,,,,,,,,,,,,,,,,,,,,,,,,,,,,,INV002196,2024-01-02,SIP,1696.0,Delhi,Gurugram,T30,26-35,Female,23.6,UPI,Verified,,,,,,,,,,
120842.0,,,,,,,,,,,,,,,08_investor_transactions.csv,,,,,,,,,,,,,,,,,,,,,,,,,,,,,,INV001328,2024-01-02,Redemption,484947.0,Uttar Pradesh,Lucknow,T30,26-35,Male,7.4,Net Banking,Verified,,,,,,,,,,
120841.0,,,,,,,,,,,,,,,08_investor_transactions.csv,,,,,,,,,,,,,,,,,,,,,,,,,,,,,,INV004567,2024-01-02,SIP,14130.0,Telangana,Hyderabad,T30,56+,Male,75.0,Mandate,Verified,,,,,,,,,,
149322.0,,,,,,,,,,,,,,,08_investor_transactions.csv,,,,,,,,,,,,,,,,,,,,,,,,,,,,,,INV003865,2024-01-02,SIP,3482.0,Gujarat,Ahmedabad,T30,18-25,Female,3.3,Cheque,Verified,,,,,,,,,,
119093.0,,,,,,,,,,,,,,,08_investor_transactions.csv,,,,,,,,,,,,,,,,,,,,,,,,,,,,,,INV000105,2024-01-02,SIP,5253.0,Punjab,Chandigarh,T30,56+,Male,41.4,UPI,Verified,,,,,,,,,,
148568.0,,,,,,,,,,,,,,,08_investor_transactions.csv,,,,,,,,,,,,,,,,,,,,,,,,,,,,,,INV004514,2024-01-02,SIP,16661.0,Haryana,Faridabad,B30,46-55,Male,40.1,Mandate,Verified,,,,,,,,,,
102885.0,,,,,,,,,,,,,,,08_investor_transactions.csv,,,,,,,,,,,,,,,,,,,,,,,,,,,,,,INV004516,2024-01-02,SIP,1137.0,Haryana,Gurugram,T30,36-45,Male,14.4,Net Banking,Verified,,,,,,,,,,
118634.0,,,,,,,,,,,,,,,08_investor_transactions.csv,,,,,,,,,,,,,,,,,,,,,,,,,,,,,,INV002374,2024-01-02,Redemption,81173.0,Uttar Pradesh,Kanpur,B30,26-35,Female,8.6,Net Banking,Verified,,,,,,,,,,
119598.0,,,,,,,,,,,,,,,08_investor_transactions.csv,,,,,,,,,,,,,,,,,,,,,,,,,,,,,,INV001727,2024-01-02,SIP,16687.0,Gujarat,Surat,T30,46-55,Female,74.1,Net Banking,Verified,,,,,,,,,,
100025.0,,,,,,,,,,,,,,,08_investor_transactions.csv,,,,,,,,,,,,,,,,,,,,,,,,,,,,,,INV002888,2024-01-03,Redemption,259110.0,Rajasthan,Udaipur,B30,26-35,Male,9.2,Net Banking,Pending,,,,,,,,,,
120506.0,,,,,,,,,,,,,,,08_investor_transactions.csv,,,,,,,,,,,,,,,,,,,,,,,,,,,,,,INV001769,2024-01-03,SIP,889.0,Punjab,Chandigarh,T30,18-25,Male,7.4,Cheque,Pending,,,,,,,,,,
120843.0,,,,,,,,,,,,,,,08_investor_transactions.csv,,,,,,,,,,,,,,,,,,,,,,,,,,,,,,INV003609,2024-01-03,SIP,16476.0,Karnataka,Mysore,B30,26-35,Male,9.2,Net Banking,Verified,,,,,,,,,,
149323.0,,,,,,,,,,,,,,,08_investor_transactions.csv,,,,,,,,,,,,,,,,,,,,,,,,,,,,,,INV003571,2024-01-03,SIP,536.0,Haryana,Faridabad,B30,36-45,Male,53.1,UPI,Verified,,,,,,,,,,
118632.0,,,,,,,,,,,,,,,08_investor_transactions.csv,,,,,,,,,,,,,,,,,,,,,,,,,,,,,,INV001367,2024-01-03,SIP,10274.0,Maharashtra,Nashik,B30,36-45,Male,32.2,Net Banking,Verified,,,,,,,,,,
119094.0,,,,,,,,,,,,,,,08_investor_transactions.csv,,,,,,,,,,,,,,,,,,,,,,,,,,,,,,INV003178,2024-01-03,Lumpsum,118897.0,Telangana,Hyderabad,T30,46-55,Female,60.9,Cheque,Verified,,,,,,,,,,
100025.0,,,,,,,,,,,,,,,08_investor_transactions.csv,,,,,,,,,,,,,,,,,,,,,,,,,,,,,,INV002599,2024-01-03,Lumpsum,286111.0,Gujarat,Surat,T30,26-35,Male,11.4,Net Banking,Verified,,,,,,,,,,
125497.0,,,,,,,,,,,,,,,08_investor_transactions.csv,,,,,,,,,,,,,,,,,,,,,,,,,,,,,,INV003626,2024-01-03,Redemption,483044.0,Madhya Pradesh,Indore,T30,26-35,Male,23.5,Net Banking,Verified,,,,,,,,,,
148569.0,,,,,,,,,,,,,,,08_investor_transactions.csv,,,,,,,,,,,,,,,,,,,,,,,,,,,,,,INV000690,2024-01-03,Lumpsum,173646.0,Delhi,Gurugram,T30,46-55,Male,98.7,UPI,Verified,,,,,,,,,,
119092.0,,,,,,,,,,,,,,,08_investor_transactions.csv,,,,,,,,,,,,,,,,,,,,,,,,,,,,,,INV001860,2024-01-03,SIP,1978.0,Karnataka,Mysore,B30,26-35,Female,9.0,Cheque,Verified,,,,,,,,,,
100025.0,,,,,,,,,,,,,,,08_investor_transactions.csv,,,,,,,,,,,,,,,,,,,,,,,,,,,,,,INV002065,2024-01-03,SIP,47647.0,Rajasthan,Udaipur,B30,46-55,Male,78.6,UPI,Verified,,,,,,,,,,
120504.0,,,,,,,,,,,,,,,08_investor_transactions.csv,,,,,,,,,,,,,,,,,,,,,,,,,,,,,,INV002708,2024-01-03,Redemption,205486.0,Karnataka,Mysore,B30,26-35,Male,14.0,Mandate,Verified,,,,,,,,,,
119120.0,,,,,,,,,,,,,,,08_investor_transactions.csv,,,,,,,,,,,,,,,,,,,,,,,,,,,,,,INV004288,2024-01-03,Lumpsum,95676.0,Punjab,Amritsar,B30,18-25,Female,6.1,Mandate,Verified,,,,,,,,,,
120505.0,,,,,,,,,,,,,,,08_investor_transactions.csv,,,,,,,,,,,,,,,,,,,,,,,,,,,,,,INV004581,2024-01-03,SIP,2292.0,Gujarat,Surat,T30,26-35,Male,14.7,Cheque,Pending,,,,,,,,,,
125498.0,,,,,,,,,,,,,,,08_investor_transactions.csv,,,,,,,,,,,,,,,,,,,,,,,,,,,,,,INV002467,2024-01-03,SIP,50948.0,Punjab,Chandigarh,T30,36-45,Male,12.3,UPI,Verified,,,,,,,,,,
120505.0,,,,,,,,,,,,,,,08_investor_transactions.csv,,,,,,,,,,,,,,,,,,,,,,,,,,,,,,INV003670,2024-01-03,SIP,8793.0,Punjab,Chandigarh,T30,36-45,Male,38.4,Mandate,Verified,,,,,,,,,,
119552.0,,,,,,,,,,,,,,,08_investor_transactions.csv,,,,,,,,,,,,,,,,,,,,,,,,,,,,,,INV004024,2024-01-03,SIP,43121.0,Telangana,Hyderabad,T30,36-45,Male,23.1,UPI,Verified,,,,,,,,,,
120841.0,,,,,,,,,,,,,,,08_investor_transactions.csv,,,,,,,,,,,,,,,,,,,,,,,,,,,,,,INV000747,2024-01-03,Lumpsum,374549.0,West Bengal,Kolkata,T30,36-45,Female,40.3,Mandate,Verified,,,,,,,,,,
148567.0,,,,,,,,,,,,,,,08_investor_transactions.csv,,,,,,,,,,,,,,,,,,,,,,,,,,,,,,INV002847,2024-01-03,SIP,4736.0,Haryana,Faridabad,B30,26-35,Male,13.4,Mandate,Verified,,,,,,,,,,
120503.0,,,,,,,,,,,,,,,08_investor_transactions.csv,,,,,,,,,,,,,,,,,,,,,,,,,,,,,,INV001508,2024-01-03,SIP,7953.0,Tamil Nadu,Coimbatore,B30,46-55,Male,63.3,Cheque,Verified,,,,,,,,,,
149324.0,,,,,,,,,,,,,,,08_investor_transactions.csv,,,,,,,,,,,,,,,,,,,,,,,,,,,,,,INV004562,2024-01-03,SIP,963.0,Telangana,Hyderabad,T30,26-35,Female,19.0,Cheque,Pending,,,,,,,,,,
125498.0,,,,,,,,,,,,,,,08_investor_transactions.csv,,,,,,,,,,,,,,,,,,,,,,,,,,,,,,INV001350,2024-01-03,Lumpsum,83480.0,Madhya Pradesh,Bhopal,B30,46-55,Female,31.7,Net Banking,Verified,,,,,,,,,,
100016.0,,,,,,,,,,,,,,,08_investor_transactions.csv,,,,,,,,,,,,,,,,,,,,,,,,,,,,,,INV002357,2024-01-03,SIP,26713.0,Delhi,Gurugram,T30,26-35,Male,7.8,UPI,Verified,,,,,,,,,,
101208.0,,,,,,,,,,,,,,,08_investor_transactions.csv,,,,,,,,,,,,,,,,,,,,,,,,,,,,,,INV002059,2024-01-03,Lumpsum,268619.0,Haryana,Faridabad,B30,46-55,Male,95.1,Net Banking,Verified,,,,,,,,,,
102887.0,,,,,,,,,,,,,,,08_investor_transactions.csv,,,,,,,,,,,,,,,,,,,,,,,,,,,,,,INV000595,2024-01-03,Lumpsum,124825.0,Gujarat,Surat,T30,18-25,Male,7.6,Cheque,Verified,,,,,,,,,,
118636.0,,,,,,,,,,,,,,,08_investor_transactions.csv,,,,,,,,,,,,,,,,,,,,,,,,,,,,,,INV004391,2024-01-03,SIP,484.0,Maharashtra,Mumbai,T30,26-35,Female,23.3,UPI,Verified,,,,,,,,,,
102885.0,,,,,,,,,,,,,,,08_investor_transactions.csv,,,,,,,,,,,,,,,,,,,,,,,,,,,,,,INV004733,2024-01-03,SIP,7080.0,Telangana,Hyderabad,T30,18-25,Male,5.4,Net Banking,Pending,,,,,,,,,,
148569.0,,,,,,,,,,,,,,,08_investor_transactions.csv,,,,,,,,,,,,,,,,,,,,,,,,,,,,,,INV002865,2024-01-03,Redemption,449863.0,Maharashtra,Pune,T30,18-25,Male,3.3,UPI,Verified,,,,,,,,,,
119599.0,,,,,,,,,,,,,,,08_investor_transactions.csv,,,,,,,,,,,,,,,,,,,,,,,,,,,,,,INV000454,2024-01-03,SIP,15910.0,Uttar Pradesh,Lucknow,T30,18-25,Female,6.6,Net Banking,Verified,,,,,,,,,,
120507.0,,,,,,,,,,,,,,,08_investor_transactions.csv,,,,,,,,,,,,,,,,,,,,,,,,,,,,,,INV002414,2024-01-03,Lumpsum,396379.0,Gujarat,Surat,T30,26-35,Female,24.1,UPI,Verified,,,,,,,,,,
149324.0,,,,,,,,,,,,,,,08_investor_transactions.csv,,,,,,,,,,,,,,,,,,,,,,,,,,,,,,INV000321,2024-01-03,SIP,15782.0,Maharashtra,Mumbai,T30,26-35,Male,24.2,Cheque,Verified,,,,,,,,,,
120841.0,,,,,,,,,,,,,,,08_investor_transactions.csv,,,,,,,,,,,,,,,,,,,,,,,,,,,,,,INV003379,2024-01-03,SIP,1008.0,Uttar Pradesh,Lucknow,T30,36-45,Male,43.2,Cheque,Verified,,,,,,,,,,
148567.0,,,,,,,,,,,,,,,08_investor_transactions.csv,,,,,,,,,,,,,,,,,,,,,,,,,,,,,,INV004544,2024-01-03,Redemption,410715.0,Maharashtra,Mumbai,T30,36-45,Male,52.1,Cheque,Verified,,,,,,,,,,
119094.0,,,,,,,,,,,,,,,08_investor_transactions.csv,,,,,,,,,,,,,,,,,,,,,,,,,,,,,,INV000527,2024-01-03,Lumpsum,114021.0,Telangana,Hyderabad,T30,26-35,Male,12.1,Mandate,Verified,,,,,,,,,,
125498.0,,,,,,,,,,,,,,,08_investor_transactions.csv,,,,,,,,,,,,,,,,,,,,,,,,,,,,,,INV004633,2024-01-03,Lumpsum,296354.0,Telangana,Hyderabad,T30,18-25,Female,4.9,Net Banking,Verified,,,,,,,,,,
119093.0,,,,,,,,,,,,,,,08_investor_transactions.csv,,,,,,,,,,,,,,,,,,,,,,,,,,,,,,INV003737,2024-01-03,Lumpsum,126721.0,Punjab,Chandigarh,T30,18-25,Male,4.4,Net Banking,Verified,,,,,,,,,,
149323.0,,,,,,,,,,,,,,,08_investor_transactions.csv,,,,,,,,,,,,,,,,,,,,,,,,,,,,,,INV000679,2024-01-03,Redemption,141968.0,Haryana,Faridabad,B30,46-55,Female,79.1,UPI,Verified,,,,,,,,,,
125498.0,,,,,,,,,,,,,,,08_investor_transactions.csv,,,,,,,,,,,,,,,,,,,,,,,,,,,,,,INV004357,2024-01-03,SIP,2459.0,Delhi,Gurugram,T30,46-55,Female,55.6,Cheque,Verified,,,,,,,,,,
120505.0,,,,,,,,,,,,,,,08_investor_transactions.csv,,,,,,,,,,,,,,,,,,,,,,,,,,,,,,INV004941,2024-01-03,Lumpsum,310085.0,Maharashtra,Nashik,B30,26-35,Male,11.0,Net Banking,Verified,,,,,,,,,,
120844.0,,,,,,,,,,,,,,,08_investor_transactions.csv,,,,,,,,,,,,,,,,,,,,,,,,,,,,,,INV000632,2024-01-03,Lumpsum,246606.0,Delhi,Gurugram,T30,36-45,Male,49.1,UPI,Verified,,,,,,,,,,
148567.0,,,,,,,,,,,,,,,08_investor_transactions.csv,,,,,,,,,,,,,,,,,,,,,,,,,,,,,,INV000849,2024-01-03,Lumpsum,254442.0,Delhi,Gurugram,T30,56+,Female,32.5,Cheque,Verified,,,,,,,,,,
118636.0,,,,,,,,,,,,,,,08_investor_transactions.csv,,,,,,,,,,,,,,,,,,,,,,,,,,,,,,INV001167,2024-01-03,SIP,41124.0,Punjab,Amritsar,B30,36-45,Male,26.7,Net Banking,Verified,,,,,,,,,,
119094.0,,,,,,,,,,,,,,,08_investor_transactions.csv,,,,,,,,,,,,,,,,,,,,,,,,,,,,,,INV000007,2024-01-03,SIP,13603.0,Uttar Pradesh,Kanpur,B30,26-35,Male,21.9,Mandate,Verified,,,,,,,,,,
120504.0,,,,,,,,,,,,,,,08_investor_transactions.csv,,,,,,,,,,,,,,,,,,,,,,,,,,,,,,INV000431,2024-01-03,SIP,23759.0,Madhya Pradesh,Bhopal,B30,18-25,Female,4.6,Mandate,Verified,,,,,,,,,,
120842.0,,,,,,,,,,,,,,,08_investor_transactions.csv,,,,,,,,,,,,,,,,,,,,,,,,,,,,,,INV002417,2024-01-03,SIP,2719.0,Tamil Nadu,Coimbatore,B30,26-35,Male,16.8,Mandate,Verified,,,,,,,,,,
120507.0,,,,,,,,,,,,,,,08_investor_transactions.csv,,,,,,,,,,,,,,,,,,,,,,,,,,,,,,INV000011,2024-01-03,SIP,2230.0,West Bengal,Kolkata,T30,26-35,Male,9.6,Mandate,Verified,,,,,,,,,,
102886.0,,,,,,,,,,,,,,,08_investor_transactions.csv,,,,,,,,,,,,,,,,,,,,,,,,,,,,,,INV001167,2024-01-03,SIP,8419.0,Punjab,Amritsar,B30,36-45,Male,26.7,UPI,Verified,,,,,,,,,,
148568.0,,,,,,,,,,,,,,,08_investor_transactions.csv,,,,,,,,,,,,,,,,,,,,,,,,,,,,,,INV000954,2024-01-03,SIP,2224.0,Haryana,Faridabad,B30,26-35,Female,8.3,Cheque,Verified,,,,,,,,,,
102887.0,,,,,,,,,,,,,,,08_investor_transactions.csv,,,,,,,,,,,,,,,,,,,,,,,,,,,,,,INV002101,2024-01-03,Redemption,234810.0,Uttar Pradesh,Lucknow,T30,26-35,Male,14.7,Mandate,Verified,,,,,,,,,,
101208.0,,,,,,,,,,,,,,,08_investor_transactions.csv,,,,,,,,,,,,,,,,,,,,,,,,,,,,,,INV000947,2024-01-03,Redemption,281989.0,Delhi,Noida,T30,26-35,Male,11.0,UPI,Verified,,,,,,,,,,
100033.0,,,,,,,,,,,,,,,08_investor_transactions.csv,,,,,,,,,,,,,,,,,,,,,,,,,,,,,,INV004867,2024-01-03,Lumpsum,331777.0,Karnataka,Bangalore,T30,18-25,Male,7.3,Mandate,Verified,,,,,,,,,,
100016.0,,,,,,,,,,,,,,,08_investor_transactions.csv,,,,,,,,,,,,,,,,,,,,,,,,,,,,,,INV004125,2024-01-03,SIP,2999.0,Gujarat,Surat,T30,26-35,Male,9.4,Cheque,Verified,,,,,,,,,,
102886.0,,,,,,,,,,,,,,,08_investor_transactions.csv,,,,,,,,,,,,,,,,,,,,,,,,,,,,,,INV001910,2024-01-03,Redemption,502057.0,Karnataka,Mysore,B30,26-35,Female,15.2,Mandate,Verified,,,,,,,,,,
102886.0,,,,,,,,,,,,,,,08_investor_transactions.csv,,,,,,,,,,,,,,,,,,,,,,,,,,,,,,INV001411,2024-01-03,SIP,2998.0,Delhi,Gurugram,T30,26-35,Female,7.1,Cheque,Verified,,,,,,,,,,
125498.0,,,,,,,,,,,,,,,08_investor_transactions.csv,,,,,,,,,,,,,,,,,,,,,,,,,,,,,,INV003326,2024-01-03,SIP,2712.0,Karnataka,Bangalore,T30,36-45,Male,40.9,Mandate,Verified,,,,,,,,,,
120504.0,,,,,,,,,,,,,,,08_investor_transactions.csv,,,,,,,,,,,,,,,,,,,,,,,,,,,,,,INV004173,2024-01-03,SIP,479.0,West Bengal,Kolkata,T30,26-35,Male,16.9,Mandate,Verified,,,,,,,,,,
120506.0,,,,,,,,,,,,,,,08_investor_transactions.csv,,,,,,,,,,,,,,,,,,,,,,,,,,,,,,INV004867,2024-01-03,SIP,3082.0,Karnataka,Bangalore,T30,18-25,Male,7.3,UPI,Pending,,,,,,,,,,
120843.0,,,,,,,,,,,,,,,08_investor_transactions.csv,,,,,,,,,,,,,,,,,,,,,,,,,,,,,,INV001454,2024-01-03,SIP,554.0,Tamil Nadu,Chennai,T30,26-35,Male,9.3,Net Banking,Verified,,,,,,,,,,
149324.0,,,,,,,,,,,,,,,08_investor_transactions.csv,,,,,,,,,,,,,,,,,,,,,,,,,,,,,,INV003100,2024-01-04,Lumpsum,361700.0,Telangana,Hyderabad,T30,26-35,Male,16.5,Net Banking,Verified,,,,,,,,,,
120505.0,,,,,,,,,,,,,,,08_investor_transactions.csv,,,,,,,,,,,,,,,,,,,,,,,,,,,,,,INV000215,2024-01-04,Lumpsum,190843.0,Maharashtra,Nashik,B30,26-35,Female,18.3,Mandate,Verified,,,,,,,,,,
119092.0,,,,,,,,,,,,,,,08_investor_transactions.csv,,,,,,,,,,,,,,,,,,,,,,,,,,,,,,INV003191,2024-01-04,Lumpsum,94475.0,Madhya Pradesh,Bhopal,B30,18-25,Female,6.8,Mandate,Verified,,,,,,,,,,
120504.0,,,,,,,,,,,,,,,08_investor_transactions.csv,,,,,,,,,,,,,,,,,,,,,,,,,,,,,,INV003946,2024-01-04,Lumpsum,465127.0,Karnataka,Mysore,B30,26-35,Female,9.2,Net Banking,Verified,,,,,,,,,,
119552.0,,,,,,,,,,,,,,,08_investor_transactions.csv,,,,,,,,,,,,,,,,,,,,,,,,,,,,,,INV000330,2024-01-04,SIP,8747.0,Madhya Pradesh,Bhopal,B30,26-35,Female,11.9,Mandate,Verified,,,,,,,,,,
125497.0,,,,,,,,,,,,,,,08_investor_transactions.csv,,,,,,,,,,,,,,,,,,,,,,,,,,,,,,INV004797,2024-01-04,Lumpsum,178854.0,Gujarat,Ahmedabad,T30,56+,Male,18.9,Net Banking,Verified,,,,,,,,,,
120841.0,,,,,,,,,,,,,,,08_investor_transactions.csv,,,,,,,,,,,,,,,,,,,,,,,,,,,,,,INV000330,2024-01-04,Lumpsum,351770.0,Madhya Pradesh,Bhopal,B30,26-35,Female,11.9,Net Banking,Verified,,,,,,,,,,
120844.0,,,,,,,,,,,,,,,08_investor_transactions.csv,,,,,,,,,,,,,,,,,,,,,,,,,,,,,,INV001128,2024-01-04,Lumpsum,168521.0,West Bengal,Kolkata,T30,36-45,Female,43.2,Cheque,Verified,,,,,,,,,,
125498.0,,,,,,,,,,,,,,,08_investor_transactions.csv,,,,,,,,,,,,,,,,,,,,,,,,,,,,,,INV002302,2024-01-04,Lumpsum,153713.0,West Bengal,Kolkata,T30,26-35,Male,10.1,UPI,Verified,,,,,,,,,,
118636.0,,,,,,,,,,,,,,,08_investor_transactions.csv,,,,,,,,,,,,,,,,,,,,,,,,,,,,,,INV002495,2024-01-04,SIP,2727.0,Maharashtra,Nashik,B30,26-35,Male,6.6,Net Banking,Verified,,,,,,,,,,
120507.0,,,,,,,,,,,,,,,08_investor_transactions.csv,,,,,,,,,,,,,,,,,,,,,,,,,,,,,,INV002158,2024-01-04,Lumpsum,39096.0,Madhya Pradesh,Indore,T30,26-35,Male,14.5,Net Banking,Verified,,,,,,,,,,
120503.0,,,,,,,,,,,,,,,08_investor_transactions.csv,,,,,,,,,,,,,,,,,,,,,,,,,,,,,,INV000144,2024-01-04,SIP,499.0,Delhi,Noida,T30,26-35,Male,19.1,Net Banking,Verified,,,,,,,,,,
118634.0,,,,,,,,,,,,,,,08_investor_transactions.csv,,,,,,,,,,,,,,,,,,,,,,,,,,,,,,INV004563,2024-01-04,Lumpsum,38117.0,Gujarat,Surat,T30,46-55,Female,32.2,Cheque,Verified,,,,,,,,,,
149323.0,,,,,,,,,,,,,,,08_investor_transactions.csv,,,,,,,,,,,,,,,,,,,,,,,,,,,,,,INV002912,2024-01-04,Redemption,520148.0,Maharashtra,Mumbai,T30,26-35,Female,23.6,Net Banking,Verified,,,,,,,,,,
119093.0,,,,,,,,,,,,,,,08_investor_transactions.csv,,,,,,,,,,,,,,,,,,,,,,,,,,,,,,INV002343,2024-01-04,SIP,1182.0,Punjab,Amritsar,B30,26-35,Male,22.1,Net Banking,Verified,,,,,,,,,,
120504.0,,,,,,,,,,,,,,,08_investor_transactions.csv,,,,,,,,,,,,,,,,,,,,,,,,,,,,,,INV000091,2024-01-04,SIP,2368.0,Haryana,Gurugram,T30,26-35,Male,14.6,Mandate,Verified,,,,,,,,,,
120505.0,,,,,,,,,,,,,,,08_investor_transactions.csv,,,,,,,,,,,,,,,,,,,,,,,,,,,,,,INV004688,2024-01-04,Lumpsum,168104.0,West Bengal,Kolkata,T30,26-35,Male,20.7,UPI,Verified,,,,,,,,,,
120843.0,,,,,,,,,,,,,,,08_investor_transactions.csv,,,,,,,,,,,,,,,,,,,,,,,,,,,,,,INV004321,2024-01-04,SIP,1147.0,West Bengal,Kolkata,T30,26-35,Male,16.0,Mandate,Verified,,,,,,,,,,
125498.0,,,,,,,,,,,,,,,08_investor_transactions.csv,,,,,,,,,,,,,,,,,,,,,,,,,,,,,,INV001579,2024-01-04,SIP,40657.0,Karnataka,Bangalore,T30,46-55,Male,71.1,UPI,Verified,,,,,,,,,,
120506.0,,,,,,,,,,,,,,,08_investor_transactions.csv,,,,,,,,,,,,,,,,,,,,,,,,,,,,,,INV003705,2024-01-04,SIP,57004.0,Telangana,Hyderabad,T30,26-35,Male,8.0,UPI,Pending,,,,,,,,,,
101206.0,,,,,,,,,,,,,,,08_investor_transactions.csv,,,,,,,,,,,,,,,,,,,,,,,,,,,,,,INV000544,2024-01-04,SIP,21648.0,Madhya Pradesh,Bhopal,B30,18-25,Male,3.6,Cheque,Verified,,,,,,,,,,
101208.0,,,,,,,,,,,,,,,08_investor_transactions.csv,,,,,,,,,,,,,,,,,,,,,,,,,,,,,,INV004561,2024-01-04,SIP,6341.0,Haryana,Faridabad,B30,26-35,Male,18.8,Mandate,Verified,,,,,,,,,,
149324.0,,,,,,,,,,,,,,,08_investor_transactions.csv,,,,,,,,,,,,,,,,,,,,,,,,,,,,,,INV002500,2024-01-04,SIP,25042.0,Delhi,New Delhi,T30,26-35,Male,14.7,Net Banking,Verified,,,,,,,,,,
119598.0,,,,,,,,,,,,,,,08_investor_transactions.csv,,,,,,,,,,,,,,,,,,,,,,,,,,,,,,INV001882,2024-01-04,Lumpsum,470885.0,Rajasthan,Udaipur,B30,26-35,Male,22.9,Cheque,Verified,,,,,,,,,,
118636.0,,,,,,,,,,,,,,,08_investor_transactions.csv,,,,,,,,,,,,,,,,,,,,,,,,,,,,,,INV000422,2024-01-04,SIP,4429.0,Punjab,Amritsar,B30,46-55,Male,94.1,UPI,Pending,,,,,,,,,,
119093.0,,,,,,,,,,,,,,,08_investor_transactions.csv,,,,,,,,,,,,,,,,,,,,,,,,,,,,,,INV001903,2024-01-04,SIP,15127.0,Delhi,New Delhi,T30,26-35,Female,8.8,Mandate,Verified,,,,,,,,,,
119551.0,,,,,,,,,,,,,,,08_investor_transactions.csv,,,,,,,,,,,,,,,,,,,,,,,,,,,,,,INV003123,2024-01-04,SIP,4518.0,Haryana,Faridabad,B30,36-45,Male,36.2,UPI,Verified,,,,,,,,,,
119120.0,,,,,,,,,,,,,,,08_investor_transactions.csv,,,,,,,,,,,,,,,,,,,,,,,,,,,,,,INV000413,2024-01-04,SIP,3176.0,Haryana,Gurugram,T30,36-45,Female,49.8,Net Banking,Verified,,,,,,,,,,
118636.0,,,,,,,,,,,,,,,08_investor_transactions.csv,,,,,,,,,,,,,,,,,,,,,,,,,,,,,,INV002940,2024-01-04,Redemption,347064.0,Haryana,Faridabad,B30,26-35,Male,18.3,Cheque,Verified,,,,,,,,,,
149324.0,,,,,,,,,,,,,,,08_investor_transactions.csv,,,,,,,,,,,,,,,,,,,,,,,,,,,,,,INV004414,2024-01-04,SIP,10650.0,Uttar Pradesh,Lucknow,T30,26-35,Male,6.6,Net Banking,Verified,,,,,,,,,,
119551.0,,,,,,,,,,,,,,,08_investor_transactions.csv,,,,,,,,,,,,,,,,,,,,,,,,,,,,,,INV004142,2024-01-04,Redemption,127871.0,West Bengal,Kolkata,T30,26-35,Male,12.0,UPI,Verified,,,,,,,,,,
101207.0,,,,,,,,,,,,,,,08_investor_transactions.csv,,,,,,,,,,,,,,,,,,,,,,,,,,,,,,INV002733,2024-01-04,Lumpsum,505706.0,Punjab,Chandigarh,T30,26-35,Male,19.0,Cheque,Verified,,,,,,,,,,
119599.0,,,,,,,,,,,,,,,08_investor_transactions.csv,,,,,,,,,,,,,,,,,,,,,,,,,,,,,,INV000374,2024-01-04,SIP,11655.0,West Bengal,Kolkata,T30,18-25,Female,4.1,UPI,Verified,,,,,,,,,,
119094.0,,,,,,,,,,,,,,,08_investor_transactions.csv,,,,,,,,,,,,,,,,,,,,,,,,,,,,,,INV000299,2024-01-04,Lumpsum,271542.0,Delhi,Noida,T30,26-35,Male,24.4,UPI,Verified,,,,,,,,,,
148568.0,,,,,,,,,,,,,,,08_investor_transactions.csv,,,,,,,,,,,,,,,,,,,,,,,,,,,,,,INV004787,2024-01-04,Redemption,259691.0,Haryana,Faridabad,B30,26-35,Male,8.2,UPI,Verified,,,,,,,,,,
120504.0,,,,,,,,,,,,,,,08_investor_transactions.csv,,,,,,,,,,,,,,,,,,,,,,,,,,,,,,INV002362,2024-01-04,Lumpsum,391995.0,Delhi,New Delhi,T30,26-35,Male,22.3,Cheque,Verified,,,,,,,,,,
119552.0,,,,,,,,,,,,,,,08_investor_transactions.csv,,,,,,,,,,,,,,,,,,,,,,,,,,,,,,INV000405,2024-01-04,Redemption,237811.0,Karnataka,Mysore,B30,56+,Female,8.6,Net Banking,Verified,,,,,,,,,,
149324.0,,,,,,,,,,,,,,,08_investor_transactions.csv,,,,,,,,,,,,,,,,,,,,,,,,,,,,,,INV003439,2024-01-04,SIP,8648.0,West Bengal,Kolkata,T30,18-25,Female,3.9,Cheque,Verified,,,,,,,,,,
118636.0,,,,,,,,,,,,,,,08_investor_transactions.csv,,,,,,,,,,,,,,,,,,,,,,,,,,,,,,INV002941,2024-01-04,SIP,29077.0,Rajasthan,Udaipur,B30,36-45,Female,59.2,Mandate,Verified,,,,,,,,,,
100016.0,,,,,,,,,,,,,,,08_investor_transactions.csv,,,,,,,,,,,,,,,,,,,,,,,,,,,,,,INV000567,2024-01-04,Redemption,151782.0,Delhi,New Delhi,T30,26-35,Male,9.1,Net Banking,Verified,,,,,,,,,,
119552.0,,,,,,,,,,,,,,,08_investor_transactions.csv,,,,,,,,,,,,,,,,,,,,,,,,,,,,,,INV001819,2024-01-04,SIP,6343.0,West Bengal,Kolkata,T30,26-35,Male,11.9,Mandate,Verified,,,,,,,,,,
119093.0,,,,,,,,,,,,,,,08_investor_transactions.csv,,,,,,,,,,,,,,,,,,,,,,,,,,,,,,INV003113,2024-01-04,SIP,6483.0,Rajasthan,Jaipur,T30,26-35,Male,22.0,Net Banking,Verified,,,,,,,,,,
125498.0,,,,,,,,,,,,,,,08_investor_transactions.csv,,,,,,,,,,,,,,,,,,,,,,,,,,,,,,INV000252,2024-01-04,Redemption,515151.0,Gujarat,Surat,T30,46-55,Female,24.4,Mandate,Verified,,,,,,,,,,
148568.0,,,,,,,,,,,,,,,08_investor_transactions.csv,,,,,,,,,,,,,,,,,,,,,,,,,,,,,,INV003415,2024-01-04,SIP,8206.0,Gujarat,Surat,T30,46-55,Male,96.6,Mandate,Verified,,,,,,,,,,
119120.0,,,,,,,,,,,,,,,08_investor_transactions.csv,,,,,,,,,,,,,,,,,,,,,,,,,,,,,,INV003328,2024-01-04,Lumpsum,303017.0,Karnataka,Mysore,B30,26-35,Female,14.2,Cheque,Pending,,,,,,,,,,
119552.0,,,,,,,,,,,,,,,08_investor_transactions.csv,,,,,,,,,,,,,,,,,,,,,,,,,,,,,,INV000651,2024-01-04,SIP,12573.0,Delhi,New Delhi,T30,18-25,Male,6.0,Net Banking,Verified,,,,,,,,,,
119095.0,,,,,,,,,,,,,,,08_investor_transactions.csv,,,,,,,,,,,,,,,,,,,,,,,,,,,,,,INV003411,2024-01-04,Lumpsum,52372.0,Tamil Nadu,Chennai,T30,26-35,Male,14.2,Mandate,Verified,,,,,,,,,,
149323.0,,,,,,,,,,,,,,,08_investor_transactions.csv,,,,,,,,,,,,,,,,,,,,,,,,,,,,,,INV002697,2024-01-04,SIP,511.0,West Bengal,Kolkata,T30,26-35,Male,14.1,Cheque,Pending,,,,,,,,,,
119093.0,,,,,,,,,,,,,,,08_investor_transactions.csv,,,,,,,,,,,,,,,,,,,,,,,,,,,,,,INV002685,2024-01-04,SIP,51489.0,Madhya Pradesh,Bhopal,B30,18-25,Male,3.7,Net Banking,Verified,,,,,,,,,,
119095.0,,,,,,,,,,,,,,,08_investor_transactions.csv,,,,,,,,,,,,,,,,,,,,,,,,,,,,,,INV000458,2024-01-04,Lumpsum,343114.0,Rajasthan,Udaipur,B30,56+,Male,18.9,Net Banking,Verified,,,,,,,,,,
119092.0,,,,,,,,,,,,,,,08_investor_transactions.csv,,,,,,,,,,,,,,,,,,,,,,,,,,,,,,INV002366,2024-01-04,Redemption,165229.0,Telangana,Hyderabad,T30,26-35,Female,20.4,Net Banking,Verified,,,,,,,,,,
118635.0,,,,,,,,,,,,,,,08_investor_transactions.csv,,,,,,,,,,,,,,,,,,,,,,,,,,,,,,INV004684,2024-01-04,SIP,12906.0,Tamil Nadu,Chennai,T30,26-35,Male,22.0,Mandate,Verified,,,,,,,,,,
120506.0,,,,,,,,,,,,,,,08_investor_transactions.csv,,,,,,,,,,,,,,,,,,,,,,,,,,,,,,INV001899,2024-01-04,SIP,578.0,Gujarat,Ahmedabad,T30,26-35,Male,7.6,Mandate,Pending,,,,,,,,,,
149322.0,,,,,,,,,,,,,,,08_investor_transactions.csv,,,,,,,,,,,,,,,,,,,,,,,,,,,,,,INV000832,2024-01-04,SIP,6694.0,Karnataka,Bangalore,T30,36-45,Male,36.6,UPI,Verified,,,,,,,,,,
118636.0,,,,,,,,,,,,,,,08_investor_transactions.csv,,,,,,,,,,,,,,,,,,,,,,,,,,,,,,INV002195,2024-01-04,Redemption,16534.0,Telangana,Hyderabad,T30,26-35,Male,24.5,Net Banking,Verified,,,,,,,,,,
102885.0,,,,,,,,,,,,,,,08_investor_transactions.csv,,,,,,,,,,,,,,,,,,,,,,,,,,,,,,INV003061,2024-01-04,Lumpsum,317573.0,Uttar Pradesh,Lucknow,T30,26-35,Female,11.9,Mandate,Verified,,,,,,,,,,
119094.0,,,,,,,,,,,,,,,08_investor_transactions.csv,,,,,,,,,,,,,,,,,,,,,,,,,,,,,,INV001048,2024-01-04,Lumpsum,260931.0,Delhi,New Delhi,T30,46-55,Male,46.6,UPI,Verified,,,,,,,,,,
120505.0,,,,,,,,,,,,,,,08_investor_transactions.csv,,,,,,,,,,,,,,,,,,,,,,,,,,,,,,INV002585,2024-01-04,Lumpsum,265554.0,Uttar Pradesh,Lucknow,T30,18-25,Male,3.2,Mandate,Verified,,,,,,,,,,
102886.0,,,,,,,,,,,,,,,08_investor_transactions.csv,,,,,,,,,,,,,,,,,,,,,,,,,,,,,,INV003674,2024-01-04,Redemption,279015.0,Uttar Pradesh,Kanpur,B30,36-45,Male,32.8,UPI,Verified,,,,,,,,,,
120507.0,,,,,,,,,,,,,,,08_investor_transactions.csv,,,,,,,,,,,,,,,,,,,,,,,,,,,,,,INV002996,2024-01-04,Lumpsum,427873.0,Madhya Pradesh,Bhopal,B30,26-35,Male,20.7,Net Banking,Pending,,,,,,,,,,
119094.0,,,,,,,,,,,,,,,08_investor_transactions.csv,,,,,,,,,,,,,,,,,,,,,,,,,,,,,,INV000049,2024-01-04,SIP,13494.0,Maharashtra,Nashik,B30,36-45,Male,23.8,Cheque,Verified,,,,,,,,,,
120504.0,,,,,,,,,,,,,,,08_investor_transactions.csv,,,,,,,,,,,,,,,,,,,,,,,,,,,,,,INV004030,2024-01-04,SIP,2252.0,Uttar Pradesh,Lucknow,T30,18-25,Female,4.4,Mandate,Verified,,,,,,,,,,
125497.0,,,,,,,,,,,,,,,08_investor_transactions.csv,,,,,,,,,,,,,,,,,,,,,,,,,,,,,,INV003847,2024-01-04,Redemption,66045.0,Telangana,Hyderabad,T30,26-35,Male,19.7,Mandate,Verified,,,,,,,,,,
102886.0,,,,,,,,,,,,,,,08_investor_transactions.csv,,,,,,,,,,,,,,,,,,,,,,,,,,,,,,INV004970,2024-01-04,Lumpsum,41075.0,Maharashtra,Nashik,B30,36-45,Female,27.6,Net Banking,Verified,,,,,,,,,,
119552.0,,,,,,,,,,,,,,,08_investor_transactions.csv,,,,,,,,,,,,,,,,,,,,,,,,,,,,,,INV002134,2024-01-04,SIP,5099.0,Rajasthan,Udaipur,B30,26-35,Male,24.8,Mandate,Verified,,,,,,,,,,
118636.0,,,,,,,,,,,,,,,08_investor_transactions.csv,,,,,,,,,,,,,,,,,,,,,,,,,,,,,,INV003047,2024-01-04,Lumpsum,317302.0,Maharashtra,Mumbai,T30,46-55,Male,40.0,Cheque,Verified,,,,,,,,,,
120842.0,,,,,,,,,,,,,,,08_investor_transactions.csv,,,,,,,,,,,,,,,,,,,,,,,,,,,,,,INV004899,2024-01-04,SIP,1081.0,Delhi,New Delhi,T30,36-45,Male,39.4,Net Banking,Verified,,,,,,,,,,
149324.0,,,,,,,,,,,,,,,08_investor_transactions.csv,,,,,,,,,,,,,,,,,,,,,,,,,,,,,,INV004896,2024-01-04,Lumpsum,251783.0,Uttar Pradesh,Agra,B30,18-25,Female,3.5,Mandate,Verified,,,,,,,,,,
118633.0,,,,,,,,,,,,,,,08_investor_transactions.csv,,,,,,,,,,,,,,,,,,,,,,,,,,,,,,INV003023,2024-01-04,SIP,872.0,Gujarat,Ahmedabad,T30,26-35,Female,13.6,Cheque,Verified,,,,,,,,,,
118633.0,,,,,,,,,,,,,,,08_investor_transactions.csv,,,,,,,,,,,,,,,,,,,,,,,,,,,,,,INV002823,2024-01-04,SIP,53710.0,Telangana,Hyderabad,T30,26-35,Male,21.5,Net Banking,Verified,,,,,,,,,,
149323.0,,,,,,,,,,,,,,,08_investor_transactions.csv,,,,,,,,,,,,,,,,,,,,,,,,,,,,,,INV003509,2024-01-04,SIP,6149.0,Haryana,Gurugram,T30,36-45,Male,14.5,Mandate,Verified,,,,,,,,,,
148568.0,,,,,,,,,,,,,,,08_investor_transactions.csv,,,,,,,,,,,,,,,,,,,,,,,,,,,,,,INV003047,2024-01-04,SIP,4437.0,Maharashtra,Mumbai,T30,46-55,Male,40.0,Mandate,Verified,,,,,,,,,,
119120.0,,,,,,,,,,,,,,,08_investor_transactions.csv,,,,,,,,,,,,,,,,,,,,,,,,,,,,,,INV001175,2024-01-04,SIP,21148.0,Punjab,Chandigarh,T30,36-45,Male,33.5,Cheque,Verified,,,,,,,,,,
119552.0,,,,,,,,,,,,,,,08_investor_transactions.csv,,,,,,,,,,,,,,,,,,,,,,,,,,,,,,INV000134,2024-01-04,SIP,13078.0,Punjab,Chandigarh,T30,36-45,Female,50.2,Mandate,Verified,,,,,,,,,,
119095.0,,,,,,,,,,,,,,,08_investor_transactions.csv,,,,,,,,,,,,,,,,,,,,,,,,,,,,,,INV003565,2024-01-04,SIP,2454.0,Gujarat,Surat,T30,26-35,Male,12.0,Net Banking,Verified,,,,,,,,,,
119095.0,,,,,,,,,,,,,,,08_investor_transactions.csv,,,,,,,,,,,,,,,,,,,,,,,,,,,,,,INV002826,2024-01-04,SIP,543.0,Haryana,Gurugram,T30,26-35,Male,20.5,Mandate,Pending,,,,,,,,,,
149323.0,,,,,,,,,,,,,,,08_investor_transactions.csv,,,,,,,,,,,,,,,,,,,,,,,,,,,,,,INV004096,2024-01-04,SIP,25101.0,Tamil Nadu,Coimbatore,B30,36-45,Male,57.1,Cheque,Pending,,,,,,,,,,
120504.0,,,,,,,,,,,,,,,08_investor_transactions.csv,,,,,,,,,,,,,,,,,,,,,,,,,,,,,,INV000074,2024-01-04,SIP,7798.0,Rajasthan,Jaipur,T30,26-35,Female,8.4,Mandate,Pending,,,,,,,,,,
149324.0,,,,,,,,,,,,,,,08_investor_transactions.csv,,,,,,,,,,,,,,,,,,,,,,,,,,,,,,INV004911,2024-01-04,SIP,47812.0,West Bengal,Kolkata,T30,26-35,Female,9.4,UPI,Verified,,,,,,,,,,
119095.0,,,,,,,,,,,,,,,08_investor_transactions.csv,,,,,,,,,,,,,,,,,,,,,,,,,,,,,,INV001594,2024-01-04,SIP,3533.0,Madhya Pradesh,Bhopal,B30,26-35,Male,13.9,Cheque,Verified,,,,,,,,,,
120843.0,,,,,,,,,,,,,,,08_investor_transactions.csv,,,,,,,,,,,,,,,,,,,,,,,,,,,,,,INV004079,2024-01-04,SIP,432.0,Karnataka,Bangalore,T30,36-45,Female,57.2,Net Banking,Verified,,,,,,,,,,
119599.0,,,,,,,,,,,,,,,08_investor_transactions.csv,,,,,,,,,,,,,,,,,,,,,,,,,,,,,,INV003396,2024-01-04,SIP,2810.0,Karnataka,Mysore,B30,26-35,Male,23.4,Net Banking,Verified,,,,,,,,,,
120841.0,,,,,,,,,,,,,,,08_investor_transactions.csv,,,,,,,,,,,,,,,,,,,,,,,,,,,,,,INV004066,2024-01-04,SIP,15405.0,Gujarat,Surat,T30,46-55,Male,30.8,Net Banking,Verified,,,,,,,,,,
119551.0,,,,,,,,,,,,,,,08_investor_transactions.csv,,,,,,,,,,,,,,,,,,,,,,,,,,,,,,INV001131,2024-01-04,SIP,445.0,Tamil Nadu,Coimbatore,B30,36-45,Female,32.0,UPI,Verified,,,,,,,,,,
100025.0,,,,,,,,,,,,,,,08_investor_transactions.csv,,,,,,,,,,,,,,,,,,,,,,,,,,,,,,INV002681,2024-01-04,SIP,8884.0,Maharashtra,Nashik,B30,18-25,Female,7.2,UPI,Verified,,,,,,,,,,
119120.0,,,,,,,,,,,,,,,08_investor_transactions.csv,,,,,,,,,,,,,,,,,,,,,,,,,,,,,,INV000371,2024-01-04,SIP,5416.0,Uttar Pradesh,Agra,B30,26-35,Male,14.6,Cheque,Pending,,,,,,,,,,
120505.0,,,,,,,,,,,,,,,08_investor_transactions.csv,,,,,,,,,,,,,,,,,,,,,,,,,,,,,,INV001717,2024-01-04,Lumpsum,351527.0,Karnataka,Mysore,B30,26-35,Male,23.2,UPI,Verified,,,,,,,,,,
125497.0,,,,,,,,,,,,,,,08_investor_transactions.csv,,,,,,,,,,,,,,,,,,,,,,,,,,,,,,INV000799,2024-01-04,SIP,3274.0,Madhya Pradesh,Indore,T30,18-25,Male,4.6,Net Banking,Verified,,,,,,,,,,
118635.0,,,,,,,,,,,,,,,08_investor_transactions.csv,,,,,,,,,,,,,,,,,,,,,,,,,,,,,,INV004497,2024-01-04,Redemption,453909.0,Rajasthan,Jaipur,T30,26-35,Female,13.3,Mandate,Verified,,,,,,,,,,
102886.0,,,,,,,,,,,,,,,08_investor_transactions.csv,,,,,,,,,,,,,,,,,,,,,,,,,,,,,,INV000369,2024-01-04,Lumpsum,69084.0,Delhi,Gurugram,T30,26-35,Male,20.7,UPI,Verified,,,,,,,,,,
119598.0,,,,,,,,,,,,,,,08_investor_transactions.csv,,,,,,,,,,,,,,,,,,,,,,,,,,,,,,INV003675,2024-01-04,SIP,5637.0,West Bengal,Kolkata,T30,56+,Male,63.9,Net Banking,Verified,,,,,,,,,,
120503.0,,,,,,,,,,,,,,,08_investor_transactions.csv,,,,,,,,,,,,,,,,,,,,,,,,,,,,,,INV004109,2024-01-04,Lumpsum,160487.0,Uttar Pradesh,Lucknow,T30,56+,Female,59.8,UPI,Verified,,,,,,,,,,
120507.0,,,,,,,,,,,,,,,08_investor_transactions.csv,,,,,,,,,,,,,,,,,,,,,,,,,,,,,,INV004281,2024-01-04,Lumpsum,78516.0,Rajasthan,Jaipur,T30,26-35,Female,15.9,Net Banking,Verified,,,,,,,,,,
119552.0,,,,,,,,,,,,,,,08_investor_transactions.csv,,,,,,,,,,,,,,,,,,,,,,,,,,,,,,INV000269,2024-01-04,SIP,4719.0,Punjab,Amritsar,B30,46-55,Male,47.3,Cheque,Verified,,,,,,,,,,
102886.0,,,,,,,,,,,,,,,08_investor_transactions.csv,,,,,,,,,,,,,,,,,,,,,,,,,,,,,,INV003288,2024-01-04,SIP,45897.0,Punjab,Chandigarh,T30,56+,Male,57.9,Cheque,Pending,,,,,,,,,,
101206.0,,,,,,,,,,,,,,,08_investor_transactions.csv,,,,,,,,,,,,,,,,,,,,,,,,,,,,,,INV000289,2024-01-04,SIP,3127.0,Delhi,Gurugram,T30,36-45,Male,54.2,Net Banking,Verified,,,,,,,,,,
100033.0,,,,,,,,,,,,,,,08_investor_transactions.csv,,,,,,,,,,,,,,,,,,,,,,,,,,,,,,INV003820,2024-01-04,SIP,894.0,Tamil Nadu,Chennai,T30,56+,Male,61.2,Mandate,Verified,,,,,,,,,,
119551.0,,,,,,,,,,,,,,,09_portfolio_holdings.csv,,,,,,,,,,,,,,,,,,,,,,,,,,,,,,,,,,,,,,,,,,POWERGRID,Power Grid Corporation,Utilities,13.85,737.09,6011.08,2025-12-31,,,
119551.0,,,,,,,,,,,,,,,09_portfolio_holdings.csv,,,,,,,,,,,,,,,,,,,,,,,,,,,,,,,,,,,,,,,,,,HDFCBANK,HDFC Bank Ltd,Banking,11.19,88.97,1074.65,2025-12-31,,,
119551.0,,,,,,,,,,,,,,,09_portfolio_holdings.csv,,,,,,,,,,,,,,,,,,,,,,,,,,,,,,,,,,,,,,,,,,GRASIM,Grasim Industries Ltd,Diversified,9.9,208.45,5964.59,2025-12-31,,,
119551.0,,,,,,,,,,,,,,,09_portfolio_holdings.csv,,,,,,,,,,,,,,,,,,,,,,,,,,,,,,,,,,,,,,,,,,DRREDDY,Dr. Reddy's Laboratories,Pharma,4.76,161.32,3748.82,2025-12-31,,,
119551.0,,,,,,,,,,,,,,,09_portfolio_holdings.csv,,,,,,,,,,,,,,,,,,,,,,,,,,,,,,,,,,,,,,,,,,ASIANPAINT,Asian Paints Ltd,Paints,10.25,725.9,1321.45,2025-12-31,,,
119551.0,,,,,,,,,,,,,,,09_portfolio_holdings.csv,,,,,,,,,,,,,,,,,,,,,,,,,,,,,,,,,,,,,,,,,,NTPC,NTPC Ltd,Utilities,7.48,897.7,2913.66,2025-12-31,,,
119551.0,,,,,,,,,,,,,,,09_portfolio_holdings.csv,,,,,,,,,,,,,,,,,,,,,,,,,,,,,,,,,,,,,,,,,,DIVISLAB,Divi's Laboratories,Pharma,3.21,286.44,3964.01,2025-12-31,,,
119551.0,,,,,,,,,,,,,,,09_portfolio_holdings.csv,,,,,,,,,,,,,,,,,,,,,,,,,,,,,,,,,,,,,,,,,,BHARTIARTL,Bharti Airtel Ltd,Telecom,13.94,452.19,5013.45,2025-12-31,,,
119551.0,,,,,,,,,,,,,,,09_portfolio_holdings.csv,,,,,,,,,,,,,,,,,,,,,,,,,,,,,,,,,,,,,,,,,,HCLTECH,HCL Technologies Ltd,IT,18.22,177.35,6024.13,2025-12-31,,,
119551.0,,,,,,,,,,,,,,,09_portfolio_holdings.csv,,,,,,,,,,,,,,,,,,,,,,,,,,,,,,,,,,,,,,,,,,MARUTI,Maruti Suzuki India Ltd,Automobile,7.2,1982.33,5461.85,2025-12-31,,,
119552.0,,,,,,,,,,,,,,,09_portfolio_holdings.csv,,,,,,,,,,,,,,,,,,,,,,,,,,,,,,,,,,,,,,,,,,INFY,Infosys Ltd,IT,10.55,316.08,7088.71,2025-12-31,,,
119552.0,,,,,,,,,,,,,,,09_portfolio_holdings.csv,,,,,,,,,,,,,,,,,,,,,,,,,,,,,,,,,,,,,,,,,,POWERGRID,Power Grid Corporation,Utilities,5.52,669.58,3434.04,2025-12-31,,,
119552.0,,,,,,,,,,,,,,,09_portfolio_holdings.csv,,,,,,,,,,,,,,,,,,,,,,,,,,,,,,,,,,,,,,,,,,DRREDDY,Dr. Reddy's Laboratories,Pharma,6.25,316.84,5910.04,2025-12-31,,,
119552.0,,,,,,,,,,,,,,,09_portfolio_holdings.csv,,,,,,,,,,,,,,,,,,,,,,,,,,,,,,,,,,,,,,,,,,ICICIBANK,ICICI Bank Ltd,Banking,10.19,1006.69,4142.59,2025-12-31,,,
119552.0,,,,,,,,,,,,,,,09_portfolio_holdings.csv,,,,,,,,,,,,,,,,,,,,,,,,,,,,,,,,,,,,,,,,,,TATAMOTOR,Tata Motors Ltd,Automobile,17.88,484.41,4065.77,2025-12-31,,,
119552.0,,,,,,,,,,,,,,,09_portfolio_holdings.csv,,,,,,,,,,,,,,,,,,,,,,,,,,,,,,,,,,,,,,,,,,MARUTI,Maruti Suzuki India Ltd,Automobile,14.6,1142.07,7620.26,2025-12-31,,,
119552.0,,,,,,,,,,,,,,,09_portfolio_holdings.csv,,,,,,,,,,,,,,,,,,,,,,,,,,,,,,,,,,,,,,,,,,CIPLA,Cipla Ltd,Pharma,10.44,1019.41,7934.38,2025-12-31,,,
119552.0,,,,,,,,,,,,,,,09_portfolio_holdings.csv,,,,,,,,,,,,,,,,,,,,,,,,,,,,,,,,,,,,,,,,,,DIVISLAB,Divi's Laboratories,Pharma,7.39,208.3,1889.75,2025-12-31,,,
119552.0,,,,,,,,,,,,,,,09_portfolio_holdings.csv,,,,,,,,,,,,,,,,,,,,,,,,,,,,,,,,,,,,,,,,,,BAJFINANCE,Bajaj Finance Ltd,NBFC,5.86,1103.07,2693.54,2025-12-31,,,
119552.0,,,,,,,,,,,,,,,09_portfolio_holdings.csv,,,,,,,,,,,,,,,,,,,,,,,,,,,,,,,,,,,,,,,,,,SUNPHARMA,Sun Pharmaceutical Industries,Pharma,6.14,1136.79,6386.95,2025-12-31,,,
119598.0,,,,,,,,,,,,,,,09_portfolio_holdings.csv,,,,,,,,,,,,,,,,,,,,,,,,,,,,,,,,,,,,,,,,,,WIPRO,Wipro Ltd,IT,13.66,869.0,3504.41,2025-12-31,,,
119598.0,,,,,,,,,,,,,,,09_portfolio_holdings.csv,,,,,,,,,,,,,,,,,,,,,,,,,,,,,,,,,,,,,,,,,,TCS,Tata Consultancy Services,IT,3.02,988.24,2581.1,2025-12-31,,,
119598.0,,,,,,,,,,,,,,,09_portfolio_holdings.csv,,,,,,,,,,,,,,,,,,,,,,,,,,,,,,,,,,,,,,,,,,GRASIM,Grasim Industries Ltd,Diversified,7.14,132.34,4515.26,2025-12-31,,,
119598.0,,,,,,,,,,,,,,,09_portfolio_holdings.csv,,,,,,,,,,,,,,,,,,,,,,,,,,,,,,,,,,,,,,,,,,RELIANCE,Reliance Industries Ltd,Energy,16.5,321.12,315.19,2025-12-31,,,
119598.0,,,,,,,,,,,,,,,09_portfolio_holdings.csv,,,,,,,,,,,,,,,,,,,,,,,,,,,,,,,,,,,,,,,,,,ULTRACEMCO,UltraTech Cement Ltd,Cement,5.32,1392.64,7901.22,2025-12-31,,,
119598.0,,,,,,,,,,,,,,,09_portfolio_holdings.csv,,,,,,,,,,,,,,,,,,,,,,,,,,,,,,,,,,,,,,,,,,INFY,Infosys Ltd,IT,15.16,1210.68,7724.16,2025-12-31,,,
119598.0,,,,,,,,,,,,,,,09_portfolio_holdings.csv,,,,,,,,,,,,,,,,,,,,,,,,,,,,,,,,,,,,,,,,,,M&M,Mahindra & Mahindra Ltd,Automobile,8.18,1492.26,660.82,2025-12-31,,,
119598.0,,,,,,,,,,,,,,,09_portfolio_holdings.csv,,,,,,,,,,,,,,,,,,,,,,,,,,,,,,,,,,,,,,,,,,AXISBANK,Axis Bank Ltd,Banking,10.96,1665.15,2235.83,2025-12-31,,,
119598.0,,,,,,,,,,,,,,,09_portfolio_holdings.csv,,,,,,,,,,,,,,,,,,,,,,,,,,,,,,,,,,,,,,,,,,KOTAKBANK,Kotak Mahindra Bank,Banking,3.56,682.95,2504.73,2025-12-31,,,
119598.0,,,,,,,,,,,,,,,09_portfolio_holdings.csv,,,,,,,,,,,,,,,,,,,,,,,,,,,,,,,,,,,,,,,,,,POWERGRID,Power Grid Corporation,Utilities,7.19,751.31,1707.64,2025-12-31,,,
119598.0,,,,,,,,,,,,,,,09_portfolio_holdings.csv,,,,,,,,,,,,,,,,,,,,,,,,,,,,,,,,,,,,,,,,,,NTPC,NTPC Ltd,Utilities,5.59,1927.98,7369.33,2025-12-31,,,
119598.0,,,,,,,,,,,,,,,09_portfolio_holdings.csv,,,,,,,,,,,,,,,,,,,,,,,,,,,,,,,,,,,,,,,,,,TATAMOTOR,Tata Motors Ltd,Automobile,3.71,1751.14,5299.51,2025-12-31,,,
119599.0,,,,,,,,,,,,,,,09_portfolio_holdings.csv,,,,,,,,,,,,,,,,,,,,,,,,,,,,,,,,,,,,,,,,,,TITAN,Titan Company Ltd,Consumer Goods,10.69,1644.24,7387.94,2025-12-31,,,
119599.0,,,,,,,,,,,,,,,09_portfolio_holdings.csv,,,,,,,,,,,,,,,,,,,,,,,,,,,,,,,,,,,,,,,,,,ICICIBANK,ICICI Bank Ltd,Banking,18.56,1254.17,3482.69,2025-12-31,,,
119599.0,,,,,,,,,,,,,,,09_portfolio_holdings.csv,,,,,,,,,,,,,,,,,,,,,,,,,,,,,,,,,,,,,,,,,,RELIANCE,Reliance Industries Ltd,Energy,13.47,1487.95,4137.4,2025-12-31,,,
119599.0,,,,,,,,,,,,,,,09_portfolio_holdings.csv,,,,,,,,,,,,,,,,,,,,,,,,,,,,,,,,,,,,,,,,,,DRREDDY,Dr. Reddy's Laboratories,Pharma,3.24,1716.42,1982.11,2025-12-31,,,
119599.0,,,,,,,,,,,,,,,09_portfolio_holdings.csv,,,,,,,,,,,,,,,,,,,,,,,,,,,,,,,,,,,,,,,,,,TATAMOTOR,Tata Motors Ltd,Automobile,6.74,926.23,7738.2,2025-12-31,,,
119599.0,,,,,,,,,,,,,,,09_portfolio_holdings.csv,,,,,,,,,,,,,,,,,,,,,,,,,,,,,,,,,,,,,,,,,,HINDUNILVR,Hindustan Unilever Ltd,FMCG,3.53,1123.22,5235.31,2025-12-31,,,
119599.0,,,,,,,,,,,,,,,09_portfolio_holdings.csv,,,,,,,,,,,,,,,,,,,,,,,,,,,,,,,,,,,,,,,,,,INDUSINDBK,IndusInd Bank Ltd,Banking,15.52,825.04,5180.82,2025-12-31,,,
119599.0,,,,,,,,,,,,,,,09_portfolio_holdings.csv,,,,,,,,,,,,,,,,,,,,,,,,,,,,,,,,,,,,,,,,,,GRASIM,Grasim Industries Ltd,Diversified,28.25,1461.32,1872.83,2025-12-31,,,
100016.0,,,,,,,,,,,,,,,09_portfolio_holdings.csv,,,,,,,,,,,,,,,,,,,,,,,,,,,,,,,,,,,,,,,,,,SUNPHARMA,Sun Pharmaceutical Industries,Pharma,11.53,398.6,2074.55,2025-12-31,,,
100016.0,,,,,,,,,,,,,,,09_portfolio_holdings.csv,,,,,,,,,,,,,,,,,,,,,,,,,,,,,,,,,,,,,,,,,,CIPLA,Cipla Ltd,Pharma,4.92,1325.34,4188.12,2025-12-31,,,
100016.0,,,,,,,,,,,,,,,09_portfolio_holdings.csv,,,,,,,,,,,,,,,,,,,,,,,,,,,,,,,,,,,,,,,,,,ICICIBANK,ICICI Bank Ltd,Banking,3.39,169.92,4888.66,2025-12-31,,,
100016.0,,,,,,,,,,,,,,,09_portfolio_holdings.csv,,,,,,,,,,,,,,,,,,,,,,,,,,,,,,,,,,,,,,,,,,WIPRO,Wipro Ltd,IT,25.9,552.43,579.31,2025-12-31,,,
100016.0,,,,,,,,,,,,,,,09_portfolio_holdings.csv,,,,,,,,,,,,,,,,,,,,,,,,,,,,,,,,,,,,,,,,,,NTPC,NTPC Ltd,Utilities,5.61,1102.98,6325.9,2025-12-31,,,
100016.0,,,,,,,,,,,,,,,09_portfolio_holdings.csv,,,,,,,,,,,,,,,,,,,,,,,,,,,,,,,,,,,,,,,,,,BAJFINANCE,Bajaj Finance Ltd,NBFC,7.01,214.89,592.41,2025-12-31,,,
100016.0,,,,,,,,,,,,,,,09_portfolio_holdings.csv,,,,,,,,,,,,,,,,,,,,,,,,,,,,,,,,,,,,,,,,,,HINDUNILVR,Hindustan Unilever Ltd,FMCG,11.68,1590.03,2555.06,2025-12-31,,,
100016.0,,,,,,,,,,,,,,,09_portfolio_holdings.csv,,,,,,,,,,,,,,,,,,,,,,,,,,,,,,,,,,,,,,,,,,RELIANCE,Reliance Industries Ltd,Energy,6.09,327.86,6859.37,2025-12-31,,,
100016.0,,,,,,,,,,,,,,,09_portfolio_holdings.csv,,,,,,,,,,,,,,,,,,,,,,,,,,,,,,,,,,,,,,,,,,DRREDDY,Dr. Reddy's Laboratories,Pharma,9.03,452.67,2212.6,2025-12-31,,,
100016.0,,,,,,,,,,,,,,,09_portfolio_holdings.csv,,,,,,,,,,,,,,,,,,,,,,,,,,,,,,,,,,,,,,,,,,MARUTI,Maruti Suzuki India Ltd,Automobile,14.84,486.21,5808.83,2025-12-31,,,
125497.0,,,,,,,,,,,,,,,09_portfolio_holdings.csv,,,,,,,,,,,,,,,,,,,,,,,,,,,,,,,,,,,,,,,,,,TITAN,Titan Company Ltd,Consumer Goods,12.53,422.11,2280.96,2025-12-31,,,
125497.0,,,,,,,,,,,,,,,09_portfolio_holdings.csv,,,,,,,,,,,,,,,,,,,,,,,,,,,,,,,,,,,,,,,,,,WIPRO,Wipro Ltd,IT,12.03,1652.67,1030.72,2025-12-31,,,
125497.0,,,,,,,,,,,,,,,09_portfolio_holdings.csv,,,,,,,,,,,,,,,,,,,,,,,,,,,,,,,,,,,,,,,,,,BAJFINANCE,Bajaj Finance Ltd,NBFC,10.03,115.8,7583.81,2025-12-31,,,
125497.0,,,,,,,,,,,,,,,09_portfolio_holdings.csv,,,,,,,,,,,,,,,,,,,,,,,,,,,,,,,,,,,,,,,,,,NESTLEIND,Nestle India Ltd,FMCG,11.81,127.73,1212.79,2025-12-31,,,
125497.0,,,,,,,,,,,,,,,09_portfolio_holdings.csv,,,,,,,,,,,,,,,,,,,,,,,,,,,,,,,,,,,,,,,,,,GRASIM,Grasim Industries Ltd,Diversified,19.04,817.9,1083.31,2025-12-31,,,
125497.0,,,,,,,,,,,,,,,09_portfolio_holdings.csv,,,,,,,,,,,,,,,,,,,,,,,,,,,,,,,,,,,,,,,,,,ULTRACEMCO,UltraTech Cement Ltd,Cement,5.02,1316.71,4748.8,2025-12-31,,,
125497.0,,,,,,,,,,,,,,,09_portfolio_holdings.csv,,,,,,,,,,,,,,,,,,,,,,,,,,,,,,,,,,,,,,,,,,NTPC,NTPC Ltd,Utilities,14.65,985.86,341.2,2025-12-31,,,
125497.0,,,,,,,,,,,,,,,09_portfolio_holdings.csv,,,,,,,,,,,,,,,,,,,,,,,,,,,,,,,,,,,,,,,,,,INFY,Infosys Ltd,IT,14.89,1542.92,7905.86,2025-12-31,,,
100033.0,,,,,,,,,,,,,,,09_portfolio_holdings.csv,,,,,,,,,,,,,,,,,,,,,,,,,,,,,,,,,,,,,,,,,,INFY,Infosys Ltd,IT,4.66,708.39,7817.51,2025-12-31,,,
100033.0,,,,,,,,,,,,,,,09_portfolio_holdings.csv,,,,,,,,,,,,,,,,,,,,,,,,,,,,,,,,,,,,,,,,,,AXISBANK,Axis Bank Ltd,Banking,18.21,1815.93,7431.94,2025-12-31,,,
100033.0,,,,,,,,,,,,,,,09_portfolio_holdings.csv,,,,,,,,,,,,,,,,,,,,,,,,,,,,,,,,,,,,,,,,,,LT,Larsen & Toubro Ltd,Infrastructure,7.47,1289.6,7294.22,2025-12-31,,,
100033.0,,,,,,,,,,,,,,,09_portfolio_holdings.csv,,,,,,,,,,,,,,,,,,,,,,,,,,,,,,,,,,,,,,,,,,ICICIBANK,ICICI Bank Ltd,Banking,7.47,786.14,6616.01,2025-12-31,,,
100033.0,,,,,,,,,,,,,,,09_portfolio_holdings.csv,,,,,,,,,,,,,,,,,,,,,,,,,,,,,,,,,,,,,,,,,,BHARTIARTL,Bharti Airtel Ltd,Telecom,7.38,1247.79,3725.91,2025-12-31,,,
100033.0,,,,,,,,,,,,,,,09_portfolio_holdings.csv,,,,,,,,,,,,,,,,,,,,,,,,,,,,,,,,,,,,,,,,,,M&M,Mahindra & Mahindra Ltd,Automobile,26.07,511.03,3852.87,2025-12-31,,,
100033.0,,,,,,,,,,,,,,,09_portfolio_holdings.csv,,,,,,,,,,,,,,,,,,,,,,,,,,,,,,,,,,,,,,,,,,BAJFINANCE,Bajaj Finance Ltd,NBFC,9.86,419.76,2737.28,2025-12-31,,,
100033.0,,,,,,,,,,,,,,,09_portfolio_holdings.csv,,,,,,,,,,,,,,,,,,,,,,,,,,,,,,,,,,,,,,,,,,POWERGRID,Power Grid Corporation,Utilities,8.59,569.08,5010.14,2025-12-31,,,
100033.0,,,,,,,,,,,,,,,09_portfolio_holdings.csv,,,,,,,,,,,,,,,,,,,,,,,,,,,,,,,,,,,,,,,,,,SBIN,State Bank of India,Banking,10.29,235.31,3644.77,2025-12-31,,,
125498.0,,,,,,,,,,,,,,,09_portfolio_holdings.csv,,,,,,,,,,,,,,,,,,,,,,,,,,,,,,,,,,,,,,,,,,SBIN,State Bank of India,Banking,9.4,390.87,4339.96,2025-12-31,,,
125498.0,,,,,,,,,,,,,,,09_portfolio_holdings.csv,,,,,,,,,,,,,,,,,,,,,,,,,,,,,,,,,,,,,,,,,,ICICIBANK,ICICI Bank Ltd,Banking,8.97,564.07,2425.12,2025-12-31,,,
125498.0,,,,,,,,,,,,,,,09_portfolio_holdings.csv,,,,,,,,,,,,,,,,,,,,,,,,,,,,,,,,,,,,,,,,,,HINDUNILVR,Hindustan Unilever Ltd,FMCG,7.8,1897.59,6636.11,2025-12-31,,,
125498.0,,,,,,,,,,,,,,,09_portfolio_holdings.csv,,,,,,,,,,,,,,,,,,,,,,,,,,,,,,,,,,,,,,,,,,HDFCBANK,HDFC Bank Ltd,Banking,22.83,1274.05,3962.89,2025-12-31,,,
125498.0,,,,,,,,,,,,,,,09_portfolio_holdings.csv,,,,,,,,,,,,,,,,,,,,,,,,,,,,,,,,,,,,,,,,,,LT,Larsen & Toubro Ltd,Infrastructure,9.17,1748.94,7328.02,2025-12-31,,,
125498.0,,,,,,,,,,,,,,,09_portfolio_holdings.csv,,,,,,,,,,,,,,,,,,,,,,,,,,,,,,,,,,,,,,,,,,MARUTI,Maruti Suzuki India Ltd,Automobile,6.39,448.66,3097.29,2025-12-31,,,
125498.0,,,,,,,,,,,,,,,09_portfolio_holdings.csv,,,,,,,,,,,,,,,,,,,,,,,,,,,,,,,,,,,,,,,,,,TITAN,Titan Company Ltd,Consumer Goods,20.91,1577.15,7496.9,2025-12-31,,,
125498.0,,,,,,,,,,,,,,,09_portfolio_holdings.csv,,,,,,,,,,,,,,,,,,,,,,,,,,,,,,,,,,,,,,,,,,HCLTECH,HCL Technologies Ltd,IT,14.53,960.23,5902.74,2025-12-31,,,
125498.0,,,,,,,,,,,,,,,09_portfolio_holdings.csv,,,,,,,,,,,,,,,,,,,,,,,,,,,,,,,,,,,,,,,,,,MARUTI,Maruti Suzuki India Ltd,Automobile,6.39,448.66,3097.29,2025-12-31,,,
120503.0,,,,,,,,,,,,,,,09_portfolio_holdings.csv,,,,,,,,,,,,,,,,,,,,,,,,,,,,,,,,,,,,,,,,,,GRASIM,Grasim Industries Ltd,Diversified,15.87,994.44,897.71,2025-12-31,,,
,,,,,,,,,,,,,,,10_benchmark_indices.csv,,2022-01-03,,,,,,,,,,,,,,,,,,,,,,,,,,,,,,,,,,,,,,,,,,,,,,,NIFTY50,17492.79,
,,,,,,,,,,,,,,,10_benchmark_indices.csv,,2022-01-04,,,,,,,,,,,,,,,,,,,,,,,,,,,,,,,,,,,,,,,,,,,,,,,NIFTY50,17689.64,
,,,,,,,,,,,,,,,10_benchmark_indices.csv,,2022-01-05,,,,,,,,,,,,,,,,,,,,,,,,,,,,,,,,,,,,,,,,,,,,,,,NIFTY50,17835.05,
,,,,,,,,,,,,,,,10_benchmark_indices.csv,,2022-01-06,,,,,,,,,,,,,,,,,,,,,,,,,,,,,,,,,,,,,,,,,,,,,,,NIFTY50,17878.51,
,,,,,,,,,,,,,,,10_benchmark_indices.csv,,2022-01-07,,,,,,,,,,,,,,,,,,,,,,,,,,,,,,,,,,,,,,,,,,,,,,,NIFTY50,17759.15,
,,,,,,,,,,,,,,,10_benchmark_indices.csv,,2022-01-10,,,,,,,,,,,,,,,,,,,,,,,,,,,,,,,,,,,,,,,,,,,,,,,NIFTY50,18124.84,
,,,,,,,,,,,,,,,10_benchmark_indices.csv,,2022-01-11,,,,,,,,,,,,,,,,,,,,,,,,,,,,,,,,,,,,,,,,,,,,,,,NIFTY50,18256.96,
,,,,,,,,,,,,,,,10_benchmark_indices.csv,,2022-01-12,,,,,,,,,,,,,,,,,,,,,,,,,,,,,,,,,,,,,,,,,,,,,,,NIFTY50,18162.54,
,,,,,,,,,,,,,,,10_benchmark_indices.csv,,2022-01-13,,,,,,,,,,,,,,,,,,,,,,,,,,,,,,,,,,,,,,,,,,,,,,,NIFTY50,18179.05,
,,,,,,,,,,,,,,,10_benchmark_indices.csv,,2022-01-14,,,,,,,,,,,,,,,,,,,,,,,,,,,,,,,,,,,,,,,,,,,,,,,NIFTY50,17971.75,
,,,,,,,,,,,,,,,10_benchmark_indices.csv,,2022-01-17,,,,,,,,,,,,,,,,,,,,,,,,,,,,,,,,,,,,,,,,,,,,,,,NIFTY50,17998.26,
,,,,,,,,,,,,,,,10_benchmark_indices.csv,,2022-01-18,,,,,,,,,,,,,,,,,,,,,,,,,,,,,,,,,,,,,,,,,,,,,,,NIFTY50,17938.46,
,,,,,,,,,,,,,,,10_benchmark_indices.csv,,2022-01-19,,,,,,,,,,,,,,,,,,,,,,,,,,,,,,,,,,,,,,,,,,,,,,,NIFTY50,18301.33,
,,,,,,,,,,,,,,,10_benchmark_indices.csv,,2022-01-20,,,,,,,,,,,,,,,,,,,,,,,,,,,,,,,,,,,,,,,,,,,,,,,NIFTY50,18424.66,
,,,,,,,,,,,,,,,10_benchmark_indices.csv,,2022-01-21,,,,,,,,,,,,,,,,,,,,,,,,,,,,,,,,,,,,,,,,,,,,,,,NIFTY50,18055.59,
,,,,,,,,,,,,,,,10_benchmark_indices.csv,,2022-01-24,,,,,,,,,,,,,,,,,,,,,,,,,,,,,,,,,,,,,,,,,,,,,,,NIFTY50,18338.54,
,,,,,,,,,,,,,,,10_benchmark_indices.csv,,2022-01-25,,,,,,,,,,,,,,,,,,,,,,,,,,,,,,,,,,,,,,,,,,,,,,,NIFTY50,18408.04,
,,,,,,,,,,,,,,,10_benchmark_indices.csv,,2022-01-26,,,,,,,,,,,,,,,,,,,,,,,,,,,,,,,,,,,,,,,,,,,,,,,NIFTY50,18650.54,
,,,,,,,,,,,,,,,10_benchmark_indices.csv,,2022-01-27,,,,,,,,,,,,,,,,,,,,,,,,,,,,,,,,,,,,,,,,,,,,,,,NIFTY50,18701.92,
,,,,,,,,,,,,,,,10_benchmark_indices.csv,,2022-01-28,,,,,,,,,,,,,,,,,,,,,,,,,,,,,,,,,,,,,,,,,,,,,,,NIFTY50,18734.13,
,,,,,,,,,,,,,,,10_benchmark_indices.csv,,2022-01-31,,,,,,,,,,,,,,,,,,,,,,,,,,,,,,,,,,,,,,,,,,,,,,,NIFTY50,18615.38,
,,,,,,,,,,,,,,,10_benchmark_indices.csv,,2022-02-01,,,,,,,,,,,,,,,,,,,,,,,,,,,,,,,,,,,,,,,,,,,,,,,NIFTY50,18724.17,
,,,,,,,,,,,,,,,10_benchmark_indices.csv,,2022-02-02,,,,,,,,,,,,,,,,,,,,,,,,,,,,,,,,,,,,,,,,,,,,,,,NIFTY50,18900.9,
,,,,,,,,,,,,,,,10_benchmark_indices.csv,,2022-02-03,,,,,,,,,,,,,,,,,,,,,,,,,,,,,,,,,,,,,,,,,,,,,,,NIFTY50,18640.35,
,,,,,,,,,,,,,,,10_benchmark_indices.csv,,2022-02-04,,,,,,,,,,,,,,,,,,,,,,,,,,,,,,,,,,,,,,,,,,,,,,,NIFTY50,18524.44,
,,,,,,,,,,,,,,,10_benchmark_indices.csv,,2022-02-07,,,,,,,,,,,,,,,,,,,,,,,,,,,,,,,,,,,,,,,,,,,,,,,NIFTY50,18347.28,
,,,,,,,,,,,,,,,10_benchmark_indices.csv,,2022-02-08,,,,,,,,,,,,,,,,,,,,,,,,,,,,,,,,,,,,,,,,,,,,,,,NIFTY50,18626.31,
,,,,,,,,,,,,,,,10_benchmark_indices.csv,,2022-02-09,,,,,,,,,,,,,,,,,,,,,,,,,,,,,,,,,,,,,,,,,,,,,,,NIFTY50,18807.0,
,,,,,,,,,,,,,,,10_benchmark_indices.csv,,2022-02-10,,,,,,,,,,,,,,,,,,,,,,,,,,,,,,,,,,,,,,,,,,,,,,,NIFTY50,18760.65,
,,,,,,,,,,,,,,,10_benchmark_indices.csv,,2022-02-11,,,,,,,,,,,,,,,,,,,,,,,,,,,,,,,,,,,,,,,,,,,,,,,NIFTY50,18935.65,
,,,,,,,,,,,,,,,10_benchmark_indices.csv,,2022-02-14,,,,,,,,,,,,,,,,,,,,,,,,,,,,,,,,,,,,,,,,,,,,,,,NIFTY50,18733.59,
,,,,,,,,,,,,,,,10_benchmark_indices.csv,,2022-02-15,,,,,,,,,,,,,,,,,,,,,,,,,,,,,,,,,,,,,,,,,,,,,,,NIFTY50,18789.33,
,,,,,,,,,,,,,,,10_benchmark_indices.csv,,2022-02-16,,,,,,,,,,,,,,,,,,,,,,,,,,,,,,,,,,,,,,,,,,,,,,,NIFTY50,18942.63,
,,,,,,,,,,,,,,,10_benchmark_indices.csv,,2022-02-17,,,,,,,,,,,,,,,,,,,,,,,,,,,,,,,,,,,,,,,,,,,,,,,NIFTY50,18867.92,
,,,,,,,,,,,,,,,10_benchmark_indices.csv,,2022-02-18,,,,,,,,,,,,,,,,,,,,,,,,,,,,,,,,,,,,,,,,,,,,,,,NIFTY50,18875.61,
,,,,,,,,,,,,,,,10_benchmark_indices.csv,,2022-02-21,,,,,,,,,,,,,,,,,,,,,,,,,,,,,,,,,,,,,,,,,,,,,,,NIFTY50,18962.56,
,,,,,,,,,,,,,,,10_benchmark_indices.csv,,2022-02-22,,,,,,,,,,,,,,,,,,,,,,,,,,,,,,,,,,,,,,,,,,,,,,,NIFTY50,19151.71,
,,,,,,,,,,,,,,,10_benchmark_indices.csv,,2022-02-23,,,,,,,,,,,,,,,,,,,,,,,,,,,,,,,,,,,,,,,,,,,,,,,NIFTY50,18922.93,
,,,,,,,,,,,,,,,10_benchmark_indices.csv,,2022-02-24,,,,,,,,,,,,,,,,,,,,,,,,,,,,,,,,,,,,,,,,,,,,,,,NIFTY50,18905.49,
,,,,,,,,,,,,,,,10_benchmark_indices.csv,,2022-02-25,,,,,,,,,,,,,,,,,,,,,,,,,,,,,,,,,,,,,,,,,,,,,,,NIFTY50,18772.62,
,,,,,,,,,,,,,,,10_benchmark_indices.csv,,2022-02-28,,,,,,,,,,,,,,,,,,,,,,,,,,,,,,,,,,,,,,,,,,,,,,,NIFTY50,18865.93,
,,,,,,,,,,,,,,,10_benchmark_indices.csv,,2022-03-01,,,,,,,,,,,,,,,,,,,,,,,,,,,,,,,,,,,,,,,,,,,,,,,NIFTY50,18827.48,
,,,,,,,,,,,,,,,10_benchmark_indices.csv,,2022-03-02,,,,,,,,,,,,,,,,,,,,,,,,,,,,,,,,,,,,,,,,,,,,,,,NIFTY50,18962.53,
,,,,,,,,,,,,,,,10_benchmark_indices.csv,,2022-03-03,,,,,,,,,,,,,,,,,,,,,,,,,,,,,,,,,,,,,,,,,,,,,,,NIFTY50,18764.05,
,,,,,,,,,,,,,,,10_benchmark_indices.csv,,2022-03-04,,,,,,,,,,,,,,,,,,,,,,,,,,,,,,,,,,,,,,,,,,,,,,,NIFTY50,18700.26,
,,,,,,,,,,,,,,,10_benchmark_indices.csv,,2022-03-07,,,,,,,,,,,,,,,,,,,,,,,,,,,,,,,,,,,,,,,,,,,,,,,NIFTY50,19018.69,
,,,,,,,,,,,,,,,10_benchmark_indices.csv,,2022-03-08,,,,,,,,,,,,,,,,,,,,,,,,,,,,,,,,,,,,,,,,,,,,,,,NIFTY50,18996.04,
,,,,,,,,,,,,,,,10_benchmark_indices.csv,,2022-03-09,,,,,,,,,,,,,,,,,,,,,,,,,,,,,,,,,,,,,,,,,,,,,,,NIFTY50,19174.22,
,,,,,,,,,,,,,,,10_benchmark_indices.csv,,2022-03-10,,,,,,,,,,,,,,,,,,,,,,,,,,,,,,,,,,,,,,,,,,,,,,,NIFTY50,19018.0,
,,,,,,,,,,,,,,,10_benchmark_indices.csv,,2022-03-11,,,,,,,,,,,,,,,,,,,,,,,,,,,,,,,,,,,,,,,,,,,,,,,NIFTY50,18796.74,
,,,,,,,,,,,,,,,10_benchmark_indices.csv,,2022-03-14,,,,,,,,,,,,,,,,,,,,,,,,,,,,,,,,,,,,,,,,,,,,,,,NIFTY50,19023.35,
,,,,,,,,,,,,,,,10_benchmark_indices.csv,,2022-03-15,,,,,,,,,,,,,,,,,,,,,,,,,,,,,,,,,,,,,,,,,,,,,,,NIFTY50,19158.43,
,,,,,,,,,,,,,,,10_benchmark_indices.csv,,2022-03-16,,,,,,,,,,,,,,,,,,,,,,,,,,,,,,,,,,,,,,,,,,,,,,,NIFTY50,19102.14,
,,,,,,,,,,,,,,,10_benchmark_indices.csv,,2022-03-17,,,,,,,,,,,,,,,,,,,,,,,,,,,,,,,,,,,,,,,,,,,,,,,NIFTY50,19368.71,
,,,,,,,,,,,,,,,10_benchmark_indices.csv,,2022-03-18,,,,,,,,,,,,,,,,,,,,,,,,,,,,,,,,,,,,,,,,,,,,,,,NIFTY50,19279.61,
,,,,,,,,,,,,,,,10_benchmark_indices.csv,,2022-03-21,,,,,,,,,,,,,,,,,,,,,,,,,,,,,,,,,,,,,,,,,,,,,,,NIFTY50,19153.99,
,,,,,,,,,,,,,,,10_benchmark_indices.csv,,2022-03-22,,,,,,,,,,,,,,,,,,,,,,,,,,,,,,,,,,,,,,,,,,,,,,,NIFTY50,19165.54,
,,,,,,,,,,,,,,,10_benchmark_indices.csv,,2022-03-23,,,,,,,,,,,,,,,,,,,,,,,,,,,,,,,,,,,,,,,,,,,,,,,NIFTY50,19132.24,
,,,,,,,,,,,,,,,10_benchmark_indices.csv,,2022-03-24,,,,,,,,,,,,,,,,,,,,,,,,,,,,,,,,,,,,,,,,,,,,,,,NIFTY50,18960.4,
,,,,,,,,,,,,,,,10_benchmark_indices.csv,,2022-03-25,,,,,,,,,,,,,,,,,,,,,,,,,,,,,,,,,,,,,,,,,,,,,,,NIFTY50,18951.21,
,,,,,,,,,,,,,,,10_benchmark_indices.csv,,2022-03-28,,,,,,,,,,,,,,,,,,,,,,,,,,,,,,,,,,,,,,,,,,,,,,,NIFTY50,18999.44,
,,,,,,,,,,,,,,,10_benchmark_indices.csv,,2022-03-29,,,,,,,,,,,,,,,,,,,,,,,,,,,,,,,,,,,,,,,,,,,,,,,NIFTY50,19138.12,
,,,,,,,,,,,,,,,10_benchmark_indices.csv,,2022-03-30,,,,,,,,,,,,,,,,,,,,,,,,,,,,,,,,,,,,,,,,,,,,,,,NIFTY50,19568.64,
,,,,,,,,,,,,,,,10_benchmark_indices.csv,,2022-03-31,,,,,,,,,,,,,,,,,,,,,,,,,,,,,,,,,,,,,,,,,,,,,,,NIFTY50,19775.28,
,,,,,,,,,,,,,,,10_benchmark_indices.csv,,2022-04-01,,,,,,,,,,,,,,,,,,,,,,,,,,,,,,,,,,,,,,,,,,,,,,,NIFTY50,19613.8,
,,,,,,,,,,,,,,,10_benchmark_indices.csv,,2022-04-04,,,,,,,,,,,,,,,,,,,,,,,,,,,,,,,,,,,,,,,,,,,,,,,NIFTY50,20065.6,
,,,,,,,,,,,,,,,10_benchmark_indices.csv,,2022-04-05,,,,,,,,,,,,,,,,,,,,,,,,,,,,,,,,,,,,,,,,,,,,,,,NIFTY50,20083.52,
,,,,,,,,,,,,,,,10_benchmark_indices.csv,,2022-04-06,,,,,,,,,,,,,,,,,,,,,,,,,,,,,,,,,,,,,,,,,,,,,,,NIFTY50,20147.77,
,,,,,,,,,,,,,,,10_benchmark_indices.csv,,2022-04-07,,,,,,,,,,,,,,,,,,,,,,,,,,,,,,,,,,,,,,,,,,,,,,,NIFTY50,20045.55,
,,,,,,,,,,,,,,,10_benchmark_indices.csv,,2022-04-08,,,,,,,,,,,,,,,,,,,,,,,,,,,,,,,,,,,,,,,,,,,,,,,NIFTY50,20053.65,
,,,,,,,,,,,,,,,10_benchmark_indices.csv,,2022-04-11,,,,,,,,,,,,,,,,,,,,,,,,,,,,,,,,,,,,,,,,,,,,,,,NIFTY50,20059.1,
,,,,,,,,,,,,,,,10_benchmark_indices.csv,,2022-04-12,,,,,,,,,,,,,,,,,,,,,,,,,,,,,,,,,,,,,,,,,,,,,,,NIFTY50,20180.83,
,,,,,,,,,,,,,,,10_benchmark_indices.csv,,2022-04-13,,,,,,,,,,,,,,,,,,,,,,,,,,,,,,,,,,,,,,,,,,,,,,,NIFTY50,20341.13,
,,,,,,,,,,,,,,,10_benchmark_indices.csv,,2022-04-14,,,,,,,,,,,,,,,,,,,,,,,,,,,,,,,,,,,,,,,,,,,,,,,NIFTY50,20287.69,
,,,,,,,,,,,,,,,10_benchmark_indices.csv,,2022-04-15,,,,,,,,,,,,,,,,,,,,,,,,,,,,,,,,,,,,,,,,,,,,,,,NIFTY50,20496.5,
,,,,,,,,,,,,,,,10_benchmark_indices.csv,,2022-04-18,,,,,,,,,,,,,,,,,,,,,,,,,,,,,,,,,,,,,,,,,,,,,,,NIFTY50,20414.87,
,,,,,,,,,,,,,,,10_benchmark_indices.csv,,2022-04-19,,,,,,,,,,,,,,,,,,,,,,,,,,,,,,,,,,,,,,,,,,,,,,,NIFTY50,20612.2,
,,,,,,,,,,,,,,,10_benchmark_indices.csv,,2022-04-20,,,,,,,,,,,,,,,,,,,,,,,,,,,,,,,,,,,,,,,,,,,,,,,NIFTY50,20511.28,
,,,,,,,,,,,,,,,10_benchmark_indices.csv,,2022-04-21,,,,,,,,,,,,,,,,,,,,,,,,,,,,,,,,,,,,,,,,,,,,,,,NIFTY50,20331.45,
,,,,,,,,,,,,,,,10_benchmark_indices.csv,,2022-04-22,,,,,,,,,,,,,,,,,,,,,,,,,,,,,,,,,,,,,,,,,,,,,,,NIFTY50,20291.62,
,,,,,,,,,,,,,,,10_benchmark_indices.csv,,2022-04-25,,,,,,,,,,,,,,,,,,,,,,,,,,,,,,,,,,,,,,,,,,,,,,,NIFTY50,20260.33,
,,,,,,,,,,,,,,,10_benchmark_indices.csv,,2022-04-26,,,,,,,,,,,,,,,,,,,,,,,,,,,,,,,,,,,,,,,,,,,,,,,NIFTY50,20107.17,
,,,,,,,,,,,,,,,10_benchmark_indices.csv,,2022-04-27,,,,,,,,,,,,,,,,,,,,,,,,,,,,,,,,,,,,,,,,,,,,,,,NIFTY50,20054.36,
,,,,,,,,,,,,,,,10_benchmark_indices.csv,,2022-04-28,,,,,,,,,,,,,,,,,,,,,,,,,,,,,,,,,,,,,,,,,,,,,,,NIFTY50,19975.05,
,,,,,,,,,,,,,,,10_benchmark_indices.csv,,2022-04-29,,,,,,,,,,,,,,,,,,,,,,,,,,,,,,,,,,,,,,,,,,,,,,,NIFTY50,19985.01,
,,,,,,,,,,,,,,,10_benchmark_indices.csv,,2022-05-02,,,,,,,,,,,,,,,,,,,,,,,,,,,,,,,,,,,,,,,,,,,,,,,NIFTY50,20084.37,
,,,,,,,,,,,,,,,10_benchmark_indices.csv,,2022-05-03,,,,,,,,,,,,,,,,,,,,,,,,,,,,,,,,,,,,,,,,,,,,,,,NIFTY50,20080.44,
,,,,,,,,,,,,,,,10_benchmark_indices.csv,,2022-05-04,,,,,,,,,,,,,,,,,,,,,,,,,,,,,,,,,,,,,,,,,,,,,,,NIFTY50,19936.88,
,,,,,,,,,,,,,,,10_benchmark_indices.csv,,2022-05-05,,,,,,,,,,,,,,,,,,,,,,,,,,,,,,,,,,,,,,,,,,,,,,,NIFTY50,19887.01,
,,,,,,,,,,,,,,,10_benchmark_indices.csv,,2022-05-06,,,,,,,,,,,,,,,,,,,,,,,,,,,,,,,,,,,,,,,,,,,,,,,NIFTY50,20058.65,
,,,,,,,,,,,,,,,10_benchmark_indices.csv,,2022-05-09,,,,,,,,,,,,,,,,,,,,,,,,,,,,,,,,,,,,,,,,,,,,,,,NIFTY50,19959.55,
,,,,,,,,,,,,,,,10_benchmark_indices.csv,,2022-05-10,,,,,,,,,,,,,,,,,,,,,,,,,,,,,,,,,,,,,,,,,,,,,,,NIFTY50,19812.47,
,,,,,,,,,,,,,,,10_benchmark_indices.csv,,2022-05-11,,,,,,,,,,,,,,,,,,,,,,,,,,,,,,,,,,,,,,,,,,,,,,,NIFTY50,19573.89,
,,,,,,,,,,,,,,,10_benchmark_indices.csv,,2022-05-12,,,,,,,,,,,,,,,,,,,,,,,,,,,,,,,,,,,,,,,,,,,,,,,NIFTY50,19473.78,
,,,,,,,,,,,,,,,10_benchmark_indices.csv,,2022-05-13,,,,,,,,,,,,,,,,,,,,,,,,,,,,,,,,,,,,,,,,,,,,,,,NIFTY50,19615.18,
,,,,,,,,,,,,,,,10_benchmark_indices.csv,,2022-05-16,,,,,,,,,,,,,,,,,,,,,,,,,,,,,,,,,,,,,,,,,,,,,,,NIFTY50,19507.43,
,,,,,,,,,,,,,,,10_benchmark_indices.csv,,2022-05-17,,,,,,,,,,,,,,,,,,,,,,,,,,,,,,,,,,,,,,,,,,,,,,,NIFTY50,19510.92,
,,,,,,,,,,,,,,,10_benchmark_indices.csv,,2022-05-18,,,,,,,,,,,,,,,,,,,,,,,,,,,,,,,,,,,,,,,,,,,,,,,NIFTY50,19442.05,
,,,,,,,,,,,,,,,10_benchmark_indices.csv,,2022-05-19,,,,,,,,,,,,,,,,,,,,,,,,,,,,,,,,,,,,,,,,,,,,,,,NIFTY50,19363.97,
,,,,,,,,,,,,,,,10_benchmark_indices.csv,,2022-05-20,,,,,,,,,,,,,,,,,,,,,,,,,,,,,,,,,,,,,,,,,,,,,,,NIFTY50,19582.7,
,,,,,,,,,,,,,,,10_benchmark_indices.csv,,2022-05-23,,,,,,,,,,,,,,,,,,,,,,,,,,,,,,,,,,,,,,,,,,,,,,,NIFTY50,19568.13,
,,,,,,,,,,,,,,,10_benchmark_indices.csv,,2022-05-24,,,,,,,,,,,,,,,,,,,,,,,,,,,,,,,,,,,,,,,,,,,,,,,NIFTY50,19377.34,
,,,,,,,,,,,,,,,10_benchmark_indices.csv,,2022-05-25,,,,,,,,,,,,,,,,,,,,,,,,,,,,,,,,,,,,,,,,,,,,,,,NIFTY50,19145.6,
,,,,,,,,,,,,,,,10_benchmark_indices.csv,,2022-05-26,,,,,,,,,,,,,,,,,,,,,,,,,,,,,,,,,,,,,,,,,,,,,,,NIFTY50,18989.49,
,,,,,,,,,,,,,,,10_benchmark_indices.csv,,2022-05-27,,,,,,,,,,,,,,,,,,,,,,,,,,,,,,,,,,,,,,,,,,,,,,,NIFTY50,18816.95,
,,,,,,,,,,,,,,,10_benchmark_indices.csv,,2022-05-30,,,,,,,,,,,,,,,,,,,,,,,,,,,,,,,,,,,,,,,,,,,,,,,NIFTY50,18959.16,
,,,,,,,,,,,,,,,10_benchmark_indices.csv,,2022-05-31,,,,,,,,,,,,,,,,,,,,,,,,,,,,,,,,,,,,,,,,,,,,,,,NIFTY50,18935.9,
,,,,,,,,,,,,,,,10_benchmark_indices.csv,,2022-06-01,,,,,,,,,,,,,,,,,,,,,,,,,,,,,,,,,,,,,,,,,,,,,,,NIFTY50,18955.11,
,,,,,,,,,,,,,,,10_benchmark_indices.csv,,2022-06-02,,,,,,,,,,,,,,,,,,,,,,,,,,,,,,,,,,,,,,,,,,,,,,,NIFTY50,18925.23,
,,,,,,,,,,,,,,,10_benchmark_indices.csv,,2022-06-03,,,,,,,,,,,,,,,,,,,,,,,,,,,,,,,,,,,,,,,,,,,,,,,NIFTY50,18902.99,
,,,,,,,,,,,,,,,10_benchmark_indices.csv,,2022-06-06,,,,,,,,,,,,,,,,,,,,,,,,,,,,,,,,,,,,,,,,,,,,,,,NIFTY50,19058.44,
,,,,,,,,,,,,,,,10_benchmark_indices.csv,,2022-06-07,,,,,,,,,,,,,,,,,,,,,,,,,,,,,,,,,,,,,,,,,,,,,,,NIFTY50,19226.83,
,,,,,,,,,,,,,,,10_benchmark_indices.csv,,2022-06-08,,,,,,,,,,,,,,,,,,,,,,,,,,,,,,,,,,,,,,,,,,,,,,,NIFTY50,19519.86,
,,,,,,,,,,,,,,,10_benchmark_indices.csv,,2022-06-09,,,,,,,,,,,,,,,,,,,,,,,,,,,,,,,,,,,,,,,,,,,,,,,NIFTY50,19389.21,
,,,,,,,,,,,,,,,10_benchmark_indices.csv,,2022-06-10,,,,,,,,,,,,,,,,,,,,,,,,,,,,,,,,,,,,,,,,,,,,,,,NIFTY50,19336.46,
,,,,,,,,,,,,,,,10_benchmark_indices.csv,,2022-06-13,,,,,,,,,,,,,,,,,,,,,,,,,,,,,,,,,,,,,,,,,,,,,,,NIFTY50,19376.58,
,,,,,,,,,,,,,,,10_benchmark_indices.csv,,2022-06-14,,,,,,,,,,,,,,,,,,,,,,,,,,,,,,,,,,,,,,,,,,,,,,,NIFTY50,19637.19,
,,,,,,,,,,,,,,,10_benchmark_indices.csv,,2022-06-15,,,,,,,,,,,,,,,,,,,,,,,,,,,,,,,,,,,,,,,,,,,,,,,NIFTY50,19535.11,
,,,,,,,,,,,,,,,10_benchmark_indices.csv,,2022-06-16,,,,,,,,,,,,,,,,,,,,,,,,,,,,,,,,,,,,,,,,,,,,,,,NIFTY50,19696.35,
,,,,,,,,,,,,,,,10_benchmark_indices.csv,,2022-06-17,,,,,,,,,,,,,,,,,,,,,,,,,,,,,,,,,,,,,,,,,,,,,,,NIFTY50,19607.58,
,,,,,,,,,,,,,,,10_benchmark_indices.csv,,2022-06-20,,,,,,,,,,,,,,,,,,,,,,,,,,,,,,,,,,,,,,,,,,,,,,,NIFTY50,19773.96,
,,,,,,,,,,,,,,,10_benchmark_indices.csv,,2022-06-21,,,,,,,,,,,,,,,,,,,,,,,,,,,,,,,,,,,,,,,,,,,,,,,NIFTY50,19798.47,
,,,,,,,,,,,,,,,10_benchmark_indices.csv,,2022-06-22,,,,,,,,,,,,,,,,,,,,,,,,,,,,,,,,,,,,,,,,,,,,,,,NIFTY50,19639.48,
,,,,,,,,,,,,,,,10_benchmark_indices.csv,,2022-06-23,,,,,,,,,,,,,,,,,,,,,,,,,,,,,,,,,,,,,,,,,,,,,,,NIFTY50,19629.85,
,,,,,,,,,,,,,,,10_benchmark_indices.csv,,2022-06-24,,,,,,,,,,,,,,,,,,,,,,,,,,,,,,,,,,,,,,,,,,,,,,,NIFTY50,19738.19,
,,,,,,,,,,,,,,,10_benchmark_indices.csv,,2022-06-27,,,,,,,,,,,,,,,,,,,,,,,,,,,,,,,,,,,,,,,,,,,,,,,NIFTY50,19287.24,
,,,,,,,,,,,,,,,10_benchmark_indices.csv,,2022-06-28,,,,,,,,,,,,,,,,,,,,,,,,,,,,,,,,,,,,,,,,,,,,,,,NIFTY50,19440.76,
,,,,,,,,,,,,,,,10_benchmark_indices.csv,,2022-06-29,,,,,,,,,,,,,,,,,,,,,,,,,,,,,,,,,,,,,,,,,,,,,,,NIFTY50,19217.98,
,,,,,,,,,,,,,,,10_benchmark_indices.csv,,2022-06-30,,,,,,,,,,,,,,,,,,,,,,,,,,,,,,,,,,,,,,,,,,,,,,,NIFTY50,19192.78,
,,,,,,,,,,,,,,,10_benchmark_indices.csv,,2022-07-01,,,,,,,,,,,,,,,,,,,,,,,,,,,,,,,,,,,,,,,,,,,,,,,NIFTY50,19184.78,
,,,,,,,,,,,,,,,10_benchmark_indices.csv,,2022-07-04,,,,,,,,,,,,,,,,,,,,,,,,,,,,,,,,,,,,,,,,,,,,,,,NIFTY50,18769.89,
,,,,,,,,,,,,,,,10_benchmark_indices.csv,,2022-07-05,,,,,,,,,,,,,,,,,,,,,,,,,,,,,,,,,,,,,,,,,,,,,,,NIFTY50,18684.56,
,,,,,,,,,,,,,,,10_benchmark_indices.csv,,2022-07-06,,,,,,,,,,,,,,,,,,,,,,,,,,,,,,,,,,,,,,,,,,,,,,,NIFTY50,18757.53,
,,,,,,,,,,,,,,,10_benchmark_indices.csv,,2022-07-07,,,,,,,,,,,,,,,,,,,,,,,,,,,,,,,,,,,,,,,,,,,,,,,NIFTY50,19054.96,
,,,,,,,,,,,,,,,10_benchmark_indices.csv,,2022-07-08,,,,,,,,,,,,,,,,,,,,,,,,,,,,,,,,,,,,,,,,,,,,,,,NIFTY50,19192.88,
,,,,,,,,,,,,,,,10_benchmark_indices.csv,,2022-07-11,,,,,,,,,,,,,,,,,,,,,,,,,,,,,,,,,,,,,,,,,,,,,,,NIFTY50,19344.92,
,,,,,,,,,,,,,,,10_benchmark_indices.csv,,2022-07-12,,,,,,,,,,,,,,,,,,,,,,,,,,,,,,,,,,,,,,,,,,,,,,,NIFTY50,19015.04,
,,,,,,,,,,,,,,,10_benchmark_indices.csv,,2022-07-13,,,,,,,,,,,,,,,,,,,,,,,,,,,,,,,,,,,,,,,,,,,,,,,NIFTY50,18977.21,
,,,,,,,,,,,,,,,10_benchmark_indices.csv,,2022-07-14,,,,,,,,,,,,,,,,,,,,,,,,,,,,,,,,,,,,,,,,,,,,,,,NIFTY50,19271.29,
,,,,,,,,,,,,,,,10_benchmark_indices.csv,,2022-07-15,,,,,,,,,,,,,,,,,,,,,,,,,,,,,,,,,,,,,,,,,,,,,,,NIFTY50,19438.74,
,,,,,,,,,,,,,,,10_benchmark_indices.csv,,2022-07-18,,,,,,,,,,,,,,,,,,,,,,,,,,,,,,,,,,,,,,,,,,,,,,,NIFTY50,19366.57,
,,,,,,,,,,,,,,,10_benchmark_indices.csv,,2022-07-19,,,,,,,,,,,,,,,,,,,,,,,,,,,,,,,,,,,,,,,,,,,,,,,NIFTY50,19393.94,
,,,,,,,,,,,,,,,10_benchmark_indices.csv,,2022-07-20,,,,,,,,,,,,,,,,,,,,,,,,,,,,,,,,,,,,,,,,,,,,,,,NIFTY50,19559.49,
,,,,,,,,,,,,,,,10_benchmark_indices.csv,,2022-07-21,,,,,,,,,,,,,,,,,,,,,,,,,,,,,,,,,,,,,,,,,,,,,,,NIFTY50,19722.34,
,,,,,,,,,,,,,,,10_benchmark_indices.csv,,2022-07-22,,,,,,,,,,,,,,,,,,,,,,,,,,,,,,,,,,,,,,,,,,,,,,,NIFTY50,19711.32,
,,,,,,,,,,,,,,,10_benchmark_indices.csv,,2022-07-25,,,,,,,,,,,,,,,,,,,,,,,,,,,,,,,,,,,,,,,,,,,,,,,NIFTY50,19681.21,
,,,,,,,,,,,,,,,10_benchmark_indices.csv,,2022-07-26,,,,,,,,,,,,,,,,,,,,,,,,,,,,,,,,,,,,,,,,,,,,,,,NIFTY50,19761.96,
,,,,,,,,,,,,,,,10_benchmark_indices.csv,,2022-07-27,,,,,,,,,,,,,,,,,,,,,,,,,,,,,,,,,,,,,,,,,,,,,,,NIFTY50,19929.86,
,,,,,,,,,,,,,,,10_benchmark_indices.csv,,2022-07-28,,,,,,,,,,,,,,,,,,,,,,,,,,,,,,,,,,,,,,,,,,,,,,,NIFTY50,19875.39,
,,,,,,,,,,,,,,,10_benchmark_indices.csv,,2022-07-29,,,,,,,,,,,,,,,,,,,,,,,,,,,,,,,,,,,,,,,,,,,,,,,NIFTY50,19585.87,
,,,,,,,,,,,,,,,10_benchmark_indices.csv,,2022-08-01,,,,,,,,,,,,,,,,,,,,,,,,,,,,,,,,,,,,,,,,,,,,,,,NIFTY50,19582.35,
,,,,,,,,,,,,,,,10_benchmark_indices.csv,,2022-08-02,,,,,,,,,,,,,,,,,,,,,,,,,,,,,,,,,,,,,,,,,,,,,,,NIFTY50,19390.08,
,,,,,,,,,,,,,,,10_benchmark_indices.csv,,2022-08-03,,,,,,,,,,,,,,,,,,,,,,,,,,,,,,,,,,,,,,,,,,,,,,,NIFTY50,19708.9,
,,,,,,,,,,,,,,,10_benchmark_indices.csv,,2022-08-04,,,,,,,,,,,,,,,,,,,,,,,,,,,,,,,,,,,,,,,,,,,,,,,NIFTY50,19564.96,
,,,,,,,,,,,,,,,10_benchmark_indices.csv,,2022-08-05,,,,,,,,,,,,,,,,,,,,,,,,,,,,,,,,,,,,,,,,,,,,,,,NIFTY50,19555.4,
,,,,,,,,,,,,,,,10_benchmark_indices.csv,,2022-08-08,,,,,,,,,,,,,,,,,,,,,,,,,,,,,,,,,,,,,,,,,,,,,,,NIFTY50,19451.25,
,,,,,,,,,,,,,,,10_benchmark_indices.csv,,2022-08-09,,,,,,,,,,,,,,,,,,,,,,,,,,,,,,,,,,,,,,,,,,,,,,,NIFTY50,19378.13,
,,,,,,,,,,,,,,,10_benchmark_indices.csv,,2022-08-10,,,,,,,,,,,,,,,,,,,,,,,,,,,,,,,,,,,,,,,,,,,,,,,NIFTY50,19520.25,
,,,,,,,,,,,,,,,10_benchmark_indices.csv,,2022-08-11,,,,,,,,,,,,,,,,,,,,,,,,,,,,,,,,,,,,,,,,,,,,,,,NIFTY50,19698.67,
,,,,,,,,,,,,,,,10_benchmark_indices.csv,,2022-08-12,,,,,,,,,,,,,,,,,,,,,,,,,,,,,,,,,,,,,,,,,,,,,,,NIFTY50,19814.19,
,,,,,,,,,,,,,,,10_benchmark_indices.csv,,2022-08-15,,,,,,,,,,,,,,,,,,,,,,,,,,,,,,,,,,,,,,,,,,,,,,,NIFTY50,19981.4,
,,,,,,,,,,,,,,,10_benchmark_indices.csv,,2022-08-16,,,,,,,,,,,,,,,,,,,,,,,,,,,,,,,,,,,,,,,,,,,,,,,NIFTY50,19904.95,
,,,,,,,,,,,,,,,10_benchmark_indices.csv,,2022-08-17,,,,,,,,,,,,,,,,,,,,,,,,,,,,,,,,,,,,,,,,,,,,,,,NIFTY50,19736.49,
,,,,,,,,,,,,,,,10_benchmark_indices.csv,,2022-08-18,,,,,,,,,,,,,,,,,,,,,,,,,,,,,,,,,,,,,,,,,,,,,,,NIFTY50,19625.12,
,,,,,,,,,,,,,,,10_benchmark_indices.csv,,2022-08-19,,,,,,,,,,,,,,,,,,,,,,,,,,,,,,,,,,,,,,,,,,,,,,,NIFTY50,19703.9,
,,,,,,,,,,,,,,,10_benchmark_indices.csv,,2022-08-22,,,,,,,,,,,,,,,,,,,,,,,,,,,,,,,,,,,,,,,,,,,,,,,NIFTY50,19910.72,
,,,,,,,,,,,,,,,10_benchmark_indices.csv,,2022-08-23,,,,,,,,,,,,,,,,,,,,,,,,,,,,,,,,,,,,,,,,,,,,,,,NIFTY50,19719.82,
,,,,,,,,,,,,,,,10_benchmark_indices.csv,,2022-08-24,,,,,,,,,,,,,,,,,,,,,,,,,,,,,,,,,,,,,,,,,,,,,,,NIFTY50,19671.88,
,,,,,,,,,,,,,,,10_benchmark_indices.csv,,2022-08-25,,,,,,,,,,,,,,,,,,,,,,,,,,,,,,,,,,,,,,,,,,,,,,,NIFTY50,19637.3,
,,,,,,,,,,,,,,,10_benchmark_indices.csv,,2022-08-26,,,,,,,,,,,,,,,,,,,,,,,,,,,,,,,,,,,,,,,,,,,,,,,NIFTY50,19522.67,
,,,,,,,,,,,,,,,10_benchmark_indices.csv,,2022-08-29,,,,,,,,,,,,,,,,,,,,,,,,,,,,,,,,,,,,,,,,,,,,,,,NIFTY50,19627.67,
,,,,,,,,,,,,,,,10_benchmark_indices.csv,,2022-08-30,,,,,,,,,,,,,,,,,,,,,,,,,,,,,,,,,,,,,,,,,,,,,,,NIFTY50,19798.26,
,,,,,,,,,,,,,,,10_benchmark_indices.csv,,2022-08-31,,,,,,,,,,,,,,,,,,,,,,,,,,,,,,,,,,,,,,,,,,,,,,,NIFTY50,20209.61,
,,,,,,,,,,,,,,,10_benchmark_indices.csv,,2022-09-01,,,,,,,,,,,,,,,,,,,,,,,,,,,,,,,,,,,,,,,,,,,,,,,NIFTY50,20548.9,
,,,,,,,,,,,,,,,10_benchmark_indices.csv,,2022-09-02,,,,,,,,,,,,,,,,,,,,,,,,,,,,,,,,,,,,,,,,,,,,,,,NIFTY50,20692.13,
,,,,,,,,,,,,,,,10_benchmark_indices.csv,,2022-09-05,,,,,,,,,,,,,,,,,,,,,,,,,,,,,,,,,,,,,,,,,,,,,,,NIFTY50,20624.2,
,,,,,,,,,,,,,,,10_benchmark_indices.csv,,2022-09-06,,,,,,,,,,,,,,,,,,,,,,,,,,,,,,,,,,,,,,,,,,,,,,,NIFTY50,20753.83,
,,,,,,,,,,,,,,,10_benchmark_indices.csv,,2022-09-07,,,,,,,,,,,,,,,,,,,,,,,,,,,,,,,,,,,,,,,,,,,,,,,NIFTY50,20433.94,
,,,,,,,,,,,,,,,10_benchmark_indices.csv,,2022-09-08,,,,,,,,,,,,,,,,,,,,,,,,,,,,,,,,,,,,,,,,,,,,,,,NIFTY50,20554.69,
,,,,,,,,,,,,,,,10_benchmark_indices.csv,,2022-09-09,,,,,,,,,,,,,,,,,,,,,,,,,,,,,,,,,,,,,,,,,,,,,,,NIFTY50,20626.15,
,,,,,,,,,,,,,,,10_benchmark_indices.csv,,2022-09-12,,,,,,,,,,,,,,,,,,,,,,,,,,,,,,,,,,,,,,,,,,,,,,,NIFTY50,20648.98,
,,,,,,,,,,,,,,,10_benchmark_indices.csv,,2022-09-13,,,,,,,,,,,,,,,,,,,,,,,,,,,,,,,,,,,,,,,,,,,,,,,NIFTY50,20527.01,
,,,,,,,,,,,,,,,10_benchmark_indices.csv,,2022-09-14,,,,,,,,,,,,,,,,,,,,,,,,,,,,,,,,,,,,,,,,,,,,,,,NIFTY50,20670.74,
,,,,,,,,,,,,,,,10_benchmark_indices.csv,,2022-09-15,,,,,,,,,,,,,,,,,,,,,,,,,,,,,,,,,,,,,,,,,,,,,,,NIFTY50,20513.65,
,,,,,,,,,,,,,,,10_benchmark_indices.csv,,2022-09-16,,,,,,,,,,,,,,,,,,,,,,,,,,,,,,,,,,,,,,,,,,,,,,,NIFTY50,20701.55,
,,,,,,,,,,,,,,,10_benchmark_indices.csv,,2022-09-19,,,,,,,,,,,,,,,,,,,,,,,,,,,,,,,,,,,,,,,,,,,,,,,NIFTY50,20813.58,
,,,,,,,,,,,,,,,10_benchmark_indices.csv,,2022-09-20,,,,,,,,,,,,,,,,,,,,,,,,,,,,,,,,,,,,,,,,,,,,,,,NIFTY50,20896.86,
,,,,,,,,,,,,,,,10_benchmark_indices.csv,,2022-09-21,,,,,,,,,,,,,,,,,,,,,,,,,,,,,,,,,,,,,,,,,,,,,,,NIFTY50,20739.02,
,,,,,,,,,,,,,,,10_benchmark_indices.csv,,2022-09-22,,,,,,,,,,,,,,,,,,,,,,,,,,,,,,,,,,,,,,,,,,,,,,,NIFTY50,20638.36,
,,,,,,,,,,,,,,,10_benchmark_indices.csv,,2022-09-23,,,,,,,,,,,,,,,,,,,,,,,,,,,,,,,,,,,,,,,,,,,,,,,NIFTY50,20398.27,
,,,,,,,,,,,,,,,10_benchmark_indices.csv,,2022-09-26,,,,,,,,,,,,,,,,,,,,,,,,,,,,,,,,,,,,,,,,,,,,,,,NIFTY50,20548.89,
,,,,,,,,,,,,,,,10_benchmark_indices.csv,,2022-09-27,,,,,,,,,,,,,,,,,,,,,,,,,,,,,,,,,,,,,,,,,,,,,,,NIFTY50,20564.79,
,,,,,,,,,,,,,,,10_benchmark_indices.csv,,2022-09-28,,,,,,,,,,,,,,,,,,,,,,,,,,,,,,,,,,,,,,,,,,,,,,,NIFTY50,20484.23,
,,,,,,,,,,,,,,,10_benchmark_indices.csv,,2022-09-29,,,,,,,,,,,,,,,,,,,,,,,,,,,,,,,,,,,,,,,,,,,,,,,NIFTY50,20471.11,
,,,,,,,,,,,,,,,10_benchmark_indices.csv,,2022-09-30,,,,,,,,,,,,,,,,,,,,,,,,,,,,,,,,,,,,,,,,,,,,,,,NIFTY50,20657.7,
,,,,,,,,,,,,,,,10_benchmark_indices.csv,,2022-10-03,,,,,,,,,,,,,,,,,,,,,,,,,,,,,,,,,,,,,,,,,,,,,,,NIFTY50,20475.58,
,,,,,,,,,,,,,,,10_benchmark_indices.csv,,2022-10-04,,,,,,,,,,,,,,,,,,,,,,,,,,,,,,,,,,,,,,,,,,,,,,,NIFTY50,20411.92,
,,,,,,,,,,,,,,,10_benchmark_indices.csv,,2022-10-05,,,,,,,,,,,,,,,,,,,,,,,,,,,,,,,,,,,,,,,,,,,,,,,NIFTY50,20159.15,
,,,,,,,,,,,,,,,10_benchmark_indices.csv,,2022-10-06,,,,,,,,,,,,,,,,,,,,,,,,,,,,,,,,,,,,,,,,,,,,,,,NIFTY50,19995.72,
,,,,,,,,,,,,,,,10_benchmark_indices.csv,,2022-10-07,,,,,,,,,,,,,,,,,,,,,,,,,,,,,,,,,,,,,,,,,,,,,,,NIFTY50,19964.19,
,,,,,,,,,,,,,,,10_benchmark_indices.csv,,2022-10-10,,,,,,,,,,,,,,,,,,,,,,,,,,,,,,,,,,,,,,,,,,,,,,,NIFTY50,20151.84,
,,,,,,,,,,,,,,,10_benchmark_indices.csv,,2022-10-11,,,,,,,,,,,,,,,,,,,,,,,,,,,,,,,,,,,,,,,,,,,,,,,NIFTY50,20267.68,
,,,,,,,,,,,,,,,10_benchmark_indices.csv,,2022-10-12,,,,,,,,,,,,,,,,,,,,,,,,,,,,,,,,,,,,,,,,,,,,,,,NIFTY50,20442.32,
,,,,,,,,,,,,,,,10_benchmark_indices.csv,,2022-10-13,,,,,,,,,,,,,,,,,,,,,,,,,,,,,,,,,,,,,,,,,,,,,,,NIFTY50,20563.45,
,,,,,,,,,,,,,,,10_benchmark_indices.csv,,2022-10-14,,,,,,,,,,,,,,,,,,,,,,,,,,,,,,,,,,,,,,,,,,,,,,,NIFTY50,20412.01,
,,,,,,,,,,,,,,,10_benchmark_indices.csv,,2022-10-17,,,,,,,,,,,,,,,,,,,,,,,,,,,,,,,,,,,,,,,,,,,,,,,NIFTY50,20707.13,
,,,,,,,,,,,,,,,10_benchmark_indices.csv,,2022-10-18,,,,,,,,,,,,,,,,,,,,,,,,,,,,,,,,,,,,,,,,,,,,,,,NIFTY50,20843.26,
,,,,,,,,,,,,,,,10_benchmark_indices.csv,,2022-10-19,,,,,,,,,,,,,,,,,,,,,,,,,,,,,,,,,,,,,,,,,,,,,,,NIFTY50,21162.28,
,,,,,,,,,,,,,,,10_benchmark_indices.csv,,2022-10-20,,,,,,,,,,,,,,,,,,,,,,,,,,,,,,,,,,,,,,,,,,,,,,,NIFTY50,21464.58,
,,,,,,,,,,,,,,,10_benchmark_indices.csv,,2022-10-21,,,,,,,,,,,,,,,,,,,,,,,,,,,,,,,,,,,,,,,,,,,,,,,NIFTY50,21458.74,
,,,,,,,,,,,,,,,10_benchmark_indices.csv,,2022-10-24,,,,,,,,,,,,,,,,,,,,,,,,,,,,,,,,,,,,,,,,,,,,,,,NIFTY50,21383.16,
,,,,,,,,,,,,,,,10_benchmark_indices.csv,,2022-10-25,,,,,,,,,,,,,,,,,,,,,,,,,,,,,,,,,,,,,,,,,,,,,,,NIFTY50,21005.4,
,,,,,,,,,,,,,,,10_benchmark_indices.csv,,2022-10-26,,,,,,,,,,,,,,,,,,,,,,,,,,,,,,,,,,,,,,,,,,,,,,,NIFTY50,21044.03,
,,,,,,,,,,,,,,,10_benchmark_indices.csv,,2022-10-27,,,,,,,,,,,,,,,,,,,,,,,,,,,,,,,,,,,,,,,,,,,,,,,NIFTY50,21047.28,
,,,,,,,,,,,,,,,10_benchmark_indices.csv,,2022-10-28,,,,,,,,,,,,,,,,,,,,,,,,,,,,,,,,,,,,,,,,,,,,,,,NIFTY50,20947.39,
,,,,,,,,,,,,,,,10_benchmark_indices.csv,,2022-10-31,,,,,,,,,,,,,,,,,,,,,,,,,,,,,,,,,,,,,,,,,,,,,,,NIFTY50,20871.91,
,,,,,,,,,,,,,,,10_benchmark_indices.csv,,2022-11-01,,,,,,,,,,,,,,,,,,,,,,,,,,,,,,,,,,,,,,,,,,,,,,,NIFTY50,20970.82,
,,,,,,,,,,,,,,,10_benchmark_indices.csv,,2022-11-02,,,,,,,,,,,,,,,,,,,,,,,,,,,,,,,,,,,,,,,,,,,,,,,NIFTY50,20659.57,
,,,,,,,,,,,,,,,10_benchmark_indices.csv,,2022-11-03,,,,,,,,,,,,,,,,,,,,,,,,,,,,,,,,,,,,,,,,,,,,,,,NIFTY50,20887.35,
,,,,,,,,,,,,,,,10_benchmark_indices.csv,,2022-11-04,,,,,,,,,,,,,,,,,,,,,,,,,,,,,,,,,,,,,,,,,,,,,,,NIFTY50,21047.55,
,,,,,,,,,,,,,,,10_benchmark_indices.csv,,2022-11-07,,,,,,,,,,,,,,,,,,,,,,,,,,,,,,,,,,,,,,,,,,,,,,,NIFTY50,20996.17,
,,,,,,,,,,,,,,,10_benchmark_indices.csv,,2022-11-08,,,,,,,,,,,,,,,,,,,,,,,,,,,,,,,,,,,,,,,,,,,,,,,NIFTY50,20993.09,
,,,,,,,,,,,,,,,10_benchmark_indices.csv,,2022-11-09,,,,,,,,,,,,,,,,,,,,,,,,,,,,,,,,,,,,,,,,,,,,,,,NIFTY50,21057.78,
,,,,,,,,,,,,,,,10_benchmark_indices.csv,,2022-11-10,,,,,,,,,,,,,,,,,,,,,,,,,,,,,,,,,,,,,,,,,,,,,,,NIFTY50,21208.88,
,,,,,,,,,,,,,,,10_benchmark_indices.csv,,2022-11-11,,,,,,,,,,,,,,,,,,,,,,,,,,,,,,,,,,,,,,,,,,,,,,,NIFTY50,21574.46,
,,,,,,,,,,,,,,,10_benchmark_indices.csv,,2022-11-14,,,,,,,,,,,,,,,,,,,,,,,,,,,,,,,,,,,,,,,,,,,,,,,NIFTY50,21491.94,
,,,,,,,,,,,,,,,10_benchmark_indices.csv,,2022-11-15,,,,,,,,,,,,,,,,,,,,,,,,,,,,,,,,,,,,,,,,,,,,,,,NIFTY50,21743.69,
,,,,,,,,,,,,,,,10_benchmark_indices.csv,,2022-11-16,,,,,,,,,,,,,,,,,,,,,,,,,,,,,,,,,,,,,,,,,,,,,,,NIFTY50,21714.61,
,,,,,,,,,,,,,,,10_benchmark_indices.csv,,2022-11-17,,,,,,,,,,,,,,,,,,,,,,,,,,,,,,,,,,,,,,,,,,,,,,,NIFTY50,21654.27,
,,,,,,,,,,,,,,,10_benchmark_indices.csv,,2022-11-18,,,,,,,,,,,,,,,,,,,,,,,,,,,,,,,,,,,,,,,,,,,,,,,NIFTY50,21618.86,
,,,,,,,,,,,,,,,10_benchmark_indices.csv,,2022-11-21,,,,,,,,,,,,,,,,,,,,,,,,,,,,,,,,,,,,,,,,,,,,,,,NIFTY50,21821.82,
,,,,,,,,,,,,,,,10_benchmark_indices.csv,,2022-11-22,,,,,,,,,,,,,,,,,,,,,,,,,,,,,,,,,,,,,,,,,,,,,,,NIFTY50,21730.17,
,,,,,,,,,,,,,,,10_benchmark_indices.csv,,2022-11-23,,,,,,,,,,,,,,,,,,,,,,,,,,,,,,,,,,,,,,,,,,,,,,,NIFTY50,21759.53,
,,,,,,,,,,,,,,,10_benchmark_indices.csv,,2022-11-24,,,,,,,,,,,,,,,,,,,,,,,,,,,,,,,,,,,,,,,,,,,,,,,NIFTY50,21678.62,
,,,,,,,,,,,,,,,10_benchmark_indices.csv,,2022-11-25,,,,,,,,,,,,,,,,,,,,,,,,,,,,,,,,,,,,,,,,,,,,,,,NIFTY50,21612.98,
,,,,,,,,,,,,,,,10_benchmark_indices.csv,,2022-11-28,,,,,,,,,,,,,,,,,,,,,,,,,,,,,,,,,,,,,,,,,,,,,,,NIFTY50,21863.78,
,,,,,,,,,,,,,,,10_benchmark_indices.csv,,2022-11-29,,,,,,,,,,,,,,,,,,,,,,,,,,,,,,,,,,,,,,,,,,,,,,,NIFTY50,21872.29,
,,,,,,,,,,,,,,,10_benchmark_indices.csv,,2022-11-30,,,,,,,,,,,,,,,,,,,,,,,,,,,,,,,,,,,,,,,,,,,,,,,NIFTY50,21763.67,
,,,,,,,,,,,,,,,10_benchmark_indices.csv,,2022-12-01,,,,,,,,,,,,,,,,,,,,,,,,,,,,,,,,,,,,,,,,,,,,,,,NIFTY50,21696.78,
,,,,,,,,,,,,,,,10_benchmark_indices.csv,,2022-12-02,,,,,,,,,,,,,,,,,,,,,,,,,,,,,,,,,,,,,,,,,,,,,,,NIFTY50,21756.82,
,,,,,,,,,,,,,,,10_benchmark_indices.csv,,2022-12-05,,,,,,,,,,,,,,,,,,,,,,,,,,,,,,,,,,,,,,,,,,,,,,,NIFTY50,21757.88,
,,,,,,,,,,,,,,,10_benchmark_indices.csv,,2022-12-06,,,,,,,,,,,,,,,,,,,,,,,,,,,,,,,,,,,,,,,,,,,,,,,NIFTY50,21768.68,
,,,,,,,,,,,,,,,10_benchmark_indices.csv,,2022-12-07,,,,,,,,,,,,,,,,,,,,,,,,,,,,,,,,,,,,,,,,,,,,,,,NIFTY50,21725.81,
,,,,,,,,,,,,,,,10_benchmark_indices.csv,,2022-12-08,,,,,,,,,,,,,,,,,,,,,,,,,,,,,,,,,,,,,,,,,,,,,,,NIFTY50,21922.79,
,,,,,,,,,,,,,,,10_benchmark_indices.csv,,2022-12-09,,,,,,,,,,,,,,,,,,,,,,,,,,,,,,,,,,,,,,,,,,,,,,,NIFTY50,22037.03,
,,,,,,,,,,,,,,,10_benchmark_indices.csv,,2022-12-12,,,,,,,,,,,,,,,,,,,,,,,,,,,,,,,,,,,,,,,,,,,,,,,NIFTY50,22007.01,
,,,,,,,,,,,,,,,10_benchmark_indices.csv,,2022-12-13,,,,,,,,,,,,,,,,,,,,,,,,,,,,,,,,,,,,,,,,,,,,,,,NIFTY50,22040.93,
,,,,,,,,,,,,,,,10_benchmark_indices.csv,,2022-12-14,,,,,,,,,,,,,,,,,,,,,,,,,,,,,,,,,,,,,,,,,,,,,,,NIFTY50,21904.8,
,,,,,,,,,,,,,,,10_benchmark_indices.csv,,2022-12-15,,,,,,,,,,,,,,,,,,,,,,,,,,,,,,,,,,,,,,,,,,,,,,,NIFTY50,21902.0,
,,,,,,,,,,,,,,,10_benchmark_indices.csv,,2022-12-16,,,,,,,,,,,,,,,,,,,,,,,,,,,,,,,,,,,,,,,,,,,,,,,NIFTY50,21788.91,
,,,,,,,,,,,,,,,10_benchmark_indices.csv,,2022-12-19,,,,,,,,,,,,,,,,,,,,,,,,,,,,,,,,,,,,,,,,,,,,,,,NIFTY50,21834.23,
,,,,,,,,,,,,,,,10_benchmark_indices.csv,,2022-12-20,,,,,,,,,,,,,,,,,,,,,,,,,,,,,,,,,,,,,,,,,,,,,,,NIFTY50,21826.13,
,,,,,,,,,,,,,,,10_benchmark_indices.csv,,2022-12-21,,,,,,,,,,,,,,,,,,,,,,,,,,,,,,,,,,,,,,,,,,,,,,,NIFTY50,21793.49,
,,,,,,,,,,,,,,,10_benchmark_indices.csv,,2022-12-22,,,,,,,,,,,,,,,,,,,,,,,,,,,,,,,,,,,,,,,,,,,,,,,NIFTY50,21829.4,
,,,,,,,,,,,,,,,10_benchmark_indices.csv,,2022-12-23,,,,,,,,,,,,,,,,,,,,,,,,,,,,,,,,,,,,,,,,,,,,,,,NIFTY50,21893.27,
,,,,,,,,,,,,,,,10_benchmark_indices.csv,,2022-12-26,,,,,,,,,,,,,,,,,,,,,,,,,,,,,,,,,,,,,,,,,,,,,,,NIFTY50,22100.16,
,,,,,,,,,,,,,,,10_benchmark_indices.csv,,2022-12-27,,,,,,,,,,,,,,,,,,,,,,,,,,,,,,,,,,,,,,,,,,,,,,,NIFTY50,22252.11,
,,,,,,,,,,,,,,,10_benchmark_indices.csv,,2022-12-28,,,,,,,,,,,,,,,,,,,,,,,,,,,,,,,,,,,,,,,,,,,,,,,NIFTY50,22436.78,
,,,,,,,,,,,,,,,10_benchmark_indices.csv,,2022-12-29,,,,,,,,,,,,,,,,,,,,,,,,,,,,,,,,,,,,,,,,,,,,,,,NIFTY50,22382.85,
,,,,,,,,,,,,,,,10_benchmark_indices.csv,,2022-12-30,,,,,,,,,,,,,,,,,,,,,,,,,,,,,,,,,,,,,,,,,,,,,,,NIFTY50,22446.34,
,,,,,,,,,,,,,,,10_benchmark_indices.csv,,2023-01-02,,,,,,,,,,,,,,,,,,,,,,,,,,,,,,,,,,,,,,,,,,,,,,,NIFTY50,22778.36,
,,,,,,,,,,,,,,,10_benchmark_indices.csv,,2023-01-03,,,,,,,,,,,,,,,,,,,,,,,,,,,,,,,,,,,,,,,,,,,,,,,NIFTY50,22771.14,
,,,,,,,,,,,,,,,10_benchmark_indices.csv,,2023-01-04,,,,,,,,,,,,,,,,,,,,,,,,,,,,,,,,,,,,,,,,,,,,,,,NIFTY50,22806.13,
,,,,,,,,,,,,,,,10_benchmark_indices.csv,,2023-01-05,,,,,,,,,,,,,,,,,,,,,,,,,,,,,,,,,,,,,,,,,,,,,,,NIFTY50,22843.67,
,,,,,,,,,,,,,,,10_benchmark_indices.csv,,2023-01-06,,,,,,,,,,,,,,,,,,,,,,,,,,,,,,,,,,,,,,,,,,,,,,,NIFTY50,22835.1,
,,,,,,,,,,,,,,,10_benchmark_indices.csv,,2023-01-09,,,,,,,,,,,,,,,,,,,,,,,,,,,,,,,,,,,,,,,,,,,,,,,NIFTY50,23088.26,
,,,,,,,,,,,,,,,10_benchmark_indices.csv,,2023-01-10,,,,,,,,,,,,,,,,,,,,,,,,,,,,,,,,,,,,,,,,,,,,,,,NIFTY50,23015.77,
,,,,,,,,,,,,,,,10_benchmark_indices.csv,,2023-01-11,,,,,,,,,,,,,,,,,,,,,,,,,,,,,,,,,,,,,,,,,,,,,,,NIFTY50,23231.29,
,,,,,,,,,,,,,,,10_benchmark_indices.csv,,2023-01-12,,,,,,,,,,,,,,,,,,,,,,,,,,,,,,,,,,,,,,,,,,,,,,,NIFTY50,23389.28,
,,,,,,,,,,,,,,,10_benchmark_indices.csv,,2023-01-13,,,,,,,,,,,,,,,,,,,,,,,,,,,,,,,,,,,,,,,,,,,,,,,NIFTY50,23388.78,
,,,,,,,,,,,,,,,10_benchmark_indices.csv,,2023-01-16,,,,,,,,,,,,,,,,,,,,,,,,,,,,,,,,,,,,,,,,,,,,,,,NIFTY50,23321.28,
,,,,,,,,,,,,,,,10_benchmark_indices.csv,,2023-01-17,,,,,,,,,,,,,,,,,,,,,,,,,,,,,,,,,,,,,,,,,,,,,,,NIFTY50,23326.14,
,,,,,,,,,,,,,,,10_benchmark_indices.csv,,2023-01-18,,,,,,,,,,,,,,,,,,,,,,,,,,,,,,,,,,,,,,,,,,,,,,,NIFTY50,23559.85,
,,,,,,,,,,,,,,,10_benchmark_indices.csv,,2023-01-19,,,,,,,,,,,,,,,,,,,,,,,,,,,,,,,,,,,,,,,,,,,,,,,NIFTY50,23779.86,
,,,,,,,,,,,,,,,10_benchmark_indices.csv,,2023-01-20,,,,,,,,,,,,,,,,,,,,,,,,,,,,,,,,,,,,,,,,,,,,,,,NIFTY50,23947.55,
,,,,,,,,,,,,,,,10_benchmark_indices.csv,,2023-01-23,,,,,,,,,,,,,,,,,,,,,,,,,,,,,,,,,,,,,,,,,,,,,,,NIFTY50,23942.01,
,,,,,,,,,,,,,,,10_benchmark_indices.csv,,2023-01-24,,,,,,,,,,,,,,,,,,,,,,,,,,,,,,,,,,,,,,,,,,,,,,,NIFTY50,23961.96,
,,,,,,,,,,,,,,,10_benchmark_indices.csv,,2023-01-25,,,,,,,,,,,,,,,,,,,,,,,,,,,,,,,,,,,,,,,,,,,,,,,NIFTY50,24096.65,
,,,,,,,,,,,,,,,10_benchmark_indices.csv,,2023-01-26,,,,,,,,,,,,,,,,,,,,,,,,,,,,,,,,,,,,,,,,,,,,,,,NIFTY50,24061.41,
,,,,,,,,,,,,,,,10_benchmark_indices.csv,,2023-01-27,,,,,,,,,,,,,,,,,,,,,,,,,,,,,,,,,,,,,,,,,,,,,,,NIFTY50,24238.56,
,,,,,,,,,,,,,,,10_benchmark_indices.csv,,2023-01-30,,,,,,,,,,,,,,,,,,,,,,,,,,,,,,,,,,,,,,,,,,,,,,,NIFTY50,24280.25,
,,,,,,,,,,,,,,,10_benchmark_indices.csv,,2023-01-31,,,,,,,,,,,,,,,,,,,,,,,,,,,,,,,,,,,,,,,,,,,,,,,NIFTY50,24494.37,
,,,,,,,,,,,,,,,10_benchmark_indices.csv,,2023-02-01,,,,,,,,,,,,,,,,,,,,,,,,,,,,,,,,,,,,,,,,,,,,,,,NIFTY50,24223.82,
,,,,,,,,,,,,,,,10_benchmark_indices.csv,,2023-02-02,,,,,,,,,,,,,,,,,,,,,,,,,,,,,,,,,,,,,,,,,,,,,,,NIFTY50,24115.15,
,,,,,,,,,,,,,,,10_benchmark_indices.csv,,2023-02-03,,,,,,,,,,,,,,,,,,,,,,,,,,,,,,,,,,,,,,,,,,,,,,,NIFTY50,24060.94,
,,,,,,,,,,,,,,,10_benchmark_indices.csv,,2023-02-06,,,,,,,,,,,,,,,,,,,,,,,,,,,,,,,,,,,,,,,,,,,,,,,NIFTY50,24153.86,
,,,,,,,,,,,,,,,10_benchmark_indices.csv,,2023-02-07,,,,,,,,,,,,,,,,,,,,,,,,,,,,,,,,,,,,,,,,,,,,,,,NIFTY50,24091.1,
,,,,,,,,,,,,,,,10_benchmark_indices.csv,,2023-02-08,,,,,,,,,,,,,,,,,,,,,,,,,,,,,,,,,,,,,,,,,,,,,,,NIFTY50,24536.77,
,,,,,,,,,,,,,,,10_benchmark_indices.csv,,2023-02-09,,,,,,,,,,,,,,,,,,,,,,,,,,,,,,,,,,,,,,,,,,,,,,,NIFTY50,24304.68,
,,,,,,,,,,,,,,,10_benchmark_indices.csv,,2023-02-10,,,,,,,,,,,,,,,,,,,,,,,,,,,,,,,,,,,,,,,,,,,,,,,NIFTY50,24520.15,
,,,,,,,,,,,,,,,10_benchmark_indices.csv,,2023-02-13,,,,,,,,,,,,,,,,,,,,,,,,,,,,,,,,,,,,,,,,,,,,,,,NIFTY50,24780.22,
,,,,,,,,,,,,,,,10_benchmark_indices.csv,,2023-02-14,,,,,,,,,,,,,,,,,,,,,,,,,,,,,,,,,,,,,,,,,,,,,,,NIFTY50,24893.39,
,,,,,,,,,,,,,,,10_benchmark_indices.csv,,2023-02-15,,,,,,,,,,,,,,,,,,,,,,,,,,,,,,,,,,,,,,,,,,,,,,,NIFTY50,24840.97,
,,,,,,,,,,,,,,,10_benchmark_indices.csv,,2023-02-16,,,,,,,,,,,,,,,,,,,,,,,,,,,,,,,,,,,,,,,,,,,,,,,NIFTY50,24848.9,
,,,,,,,,,,,,,,,10_benchmark_indices.csv,,2023-02-17,,,,,,,,,,,,,,,,,,,,,,,,,,,,,,,,,,,,,,,,,,,,,,,NIFTY50,25027.64,
,,,,,,,,,,,,,,,10_benchmark_indices.csv,,2023-02-20,,,,,,,,,,,,,,,,,,,,,,,,,,,,,,,,,,,,,,,,,,,,,,,NIFTY50,24713.9,
,,,,,,,,,,,,,,,10_benchmark_indices.csv,,2023-02-21,,,,,,,,,,,,,,,,,,,,,,,,,,,,,,,,,,,,,,,,,,,,,,,NIFTY50,24597.57,
,,,,,,,,,,,,,,,10_benchmark_indices.csv,,2023-02-22,,,,,,,,,,,,,,,,,,,,,,,,,,,,,,,,,,,,,,,,,,,,,,,NIFTY50,24501.18,
,,,,,,,,,,,,,,,10_benchmark_indices.csv,,2023-02-23,,,,,,,,,,,,,,,,,,,,,,,,,,,,,,,,,,,,,,,,,,,,,,,NIFTY50,24622.43,
,,,,,,,,,,,,,,,10_benchmark_indices.csv,,2023-02-24,,,,,,,,,,,,,,,,,,,,,,,,,,,,,,,,,,,,,,,,,,,,,,,NIFTY50,24854.82,
,,,,,,,,,,,,,,,10_benchmark_indices.csv,,2023-02-27,,,,,,,,,,,,,,,,,,,,,,,,,,,,,,,,,,,,,,,,,,,,,,,NIFTY50,25273.35,
,,,,,,,,,,,,,,,10_benchmark_indices.csv,,2023-02-28,,,,,,,,,,,,,,,,,,,,,,,,,,,,,,,,,,,,,,,,,,,,,,,NIFTY50,24902.29,
,,,,,,,,,,,,,,,10_benchmark_indices.csv,,2023-03-01,,,,,,,,,,,,,,,,,,,,,,,,,,,,,,,,,,,,,,,,,,,,,,,NIFTY50,24705.34,
,,,,,,,,,,,,,,,10_benchmark_indices.csv,,2023-03-02,,,,,,,,,,,,,,,,,,,,,,,,,,,,,,,,,,,,,,,,,,,,,,,NIFTY50,24647.95,
,,,,,,,,,,,,,,,10_benchmark_indices.csv,,2023-03-03,,,,,,,,,,,,,,,,,,,,,,,,,,,,,,,,,,,,,,,,,,,,,,,NIFTY50,24772.26,
,,,,,,,,,,,,,,,10_benchmark_indices.csv,,2023-03-06,,,,,,,,,,,,,,,,,,,,,,,,,,,,,,,,,,,,,,,,,,,,,,,NIFTY50,24939.69,
,,,,,,,,,,,,,,,10_benchmark_indices.csv,,2023-03-07,,,,,,,,,,,,,,,,,,,,,,,,,,,,,,,,,,,,,,,,,,,,,,,NIFTY50,24711.86,
,,,,,,,,,,,,,,,10_benchmark_indices.csv,,2023-03-08,,,,,,,,,,,,,,,,,,,,,,,,,,,,,,,,,,,,,,,,,,,,,,,NIFTY50,24799.95,
,,,,,,,,,,,,,,,10_benchmark_indices.csv,,2023-03-09,,,,,,,,,,,,,,,,,,,,,,,,,,,,,,,,,,,,,,,,,,,,,,,NIFTY50,24297.03,
,,,,,,,,,,,,,,,10_benchmark_indices.csv,,2023-03-10,,,,,,,,,,,,,,,,,,,,,,,,,,,,,,,,,,,,,,,,,,,,,,,NIFTY50,24366.79,
,,,,,,,,,,,,,,,10_benchmark_indices.csv,,2023-03-13,,,,,,,,,,,,,,,,,,,,,,,,,,,,,,,,,,,,,,,,,,,,,,,NIFTY50,24373.18,
,,,,,,,,,,,,,,,10_benchmark_indices.csv,,2023-03-14,,,,,,,,,,,,,,,,,,,,,,,,,,,,,,,,,,,,,,,,,,,,,,,NIFTY50,24364.9,
,,,,,,,,,,,,,,,10_benchmark_indices.csv,,2023-03-15,,,,,,,,,,,,,,,,,,,,,,,,,,,,,,,,,,,,,,,,,,,,,,,NIFTY50,24298.41,
,,,,,,,,,,,,,,,10_benchmark_indices.csv,,2023-03-16,,,,,,,,,,,,,,,,,,,,,,,,,,,,,,,,,,,,,,,,,,,,,,,NIFTY50,24292.13,
,,,,,,,,,,,,,,,10_benchmark_indices.csv,,2023-03-17,,,,,,,,,,,,,,,,,,,,,,,,,,,,,,,,,,,,,,,,,,,,,,,NIFTY50,24367.8,
,,,,,,,,,,,,,,,10_benchmark_indices.csv,,2023-03-20,,,,,,,,,,,,,,,,,,,,,,,,,,,,,,,,,,,,,,,,,,,,,,,NIFTY50,24713.22,
,,,,,,,,,,,,,,,10_benchmark_indices.csv,,2023-03-21,,,,,,,,,,,,,,,,,,,,,,,,,,,,,,,,,,,,,,,,,,,,,,,NIFTY50,24466.13,
,,,,,,,,,,,,,,,10_benchmark_indices.csv,,2023-03-22,,,,,,,,,,,,,,,,,,,,,,,,,,,,,,,,,,,,,,,,,,,,,,,NIFTY50,24423.14,
,,,,,,,,,,,,,,,10_benchmark_indices.csv,,2023-03-23,,,,,,,,,,,,,,,,,,,,,,,,,,,,,,,,,,,,,,,,,,,,,,,NIFTY50,24543.24,
,,,,,,,,,,,,,,,10_benchmark_indices.csv,,2023-03-24,,,,,,,,,,,,,,,,,,,,,,,,,,,,,,,,,,,,,,,,,,,,,,,NIFTY50,24542.81,
,,,,,,,,,,,,,,,10_benchmark_indices.csv,,2023-03-27,,,,,,,,,,,,,,,,,,,,,,,,,,,,,,,,,,,,,,,,,,,,,,,NIFTY50,24579.47,
,,,,,,,,,,,,,,,10_benchmark_indices.csv,,2023-03-28,,,,,,,,,,,,,,,,,,,,,,,,,,,,,,,,,,,,,,,,,,,,,,,NIFTY50,24473.33,
,,,,,,,,,,,,,,,10_benchmark_indices.csv,,2023-03-29,,,,,,,,,,,,,,,,,,,,,,,,,,,,,,,,,,,,,,,,,,,,,,,NIFTY50,24651.04,
,,,,,,,,,,,,,,,10_benchmark_indices.csv,,2023-03-30,,,,,,,,,,,,,,,,,,,,,,,,,,,,,,,,,,,,,,,,,,,,,,,NIFTY50,24227.91,
,,,,,,,,,,,,,,,10_benchmark_indices.csv,,2023-03-31,,,,,,,,,,,,,,,,,,,,,,,,,,,,,,,,,,,,,,,,,,,,,,,NIFTY50,24043.2,
,,,,,,,,,,,,,,,10_benchmark_indices.csv,,2023-04-03,,,,,,,,,,,,,,,,,,,,,,,,,,,,,,,,,,,,,,,,,,,,,,,NIFTY50,24442.96,
,,,,,,,,,,,,,,,10_benchmark_indices.csv,,2023-04-04,,,,,,,,,,,,,,,,,,,,,,,,,,,,,,,,,,,,,,,,,,,,,,,NIFTY50,24209.74,
,,,,,,,,,,,,,,,10_benchmark_indices.csv,,2023-04-05,,,,,,,,,,,,,,,,,,,,,,,,,,,,,,,,,,,,,,,,,,,,,,,NIFTY50,24048.92,
,,,,,,,,,,,,,,,10_benchmark_indices.csv,,2023-04-06,,,,,,,,,,,,,,,,,,,,,,,,,,,,,,,,,,,,,,,,,,,,,,,NIFTY50,23905.67,
,,,,,,,,,,,,,,,10_benchmark_indices.csv,,2023-04-07,,,,,,,,,,,,,,,,,,,,,,,,,,,,,,,,,,,,,,,,,,,,,,,NIFTY50,23811.3,
,,,,,,,,,,,,,,,10_benchmark_indices.csv,,2023-04-10,,,,,,,,,,,,,,,,,,,,,,,,,,,,,,,,,,,,,,,,,,,,,,,NIFTY50,23818.88,
,,,,,,,,,,,,,,,10_benchmark_indices.csv,,2023-04-11,,,,,,,,,,,,,,,,,,,,,,,,,,,,,,,,,,,,,,,,,,,,,,,NIFTY50,24041.73,
,,,,,,,,,,,,,,,10_benchmark_indices.csv,,2023-04-12,,,,,,,,,,,,,,,,,,,,,,,,,,,,,,,,,,,,,,,,,,,,,,,NIFTY50,24147.4,
,,,,,,,,,,,,,,,10_benchmark_indices.csv,,2023-04-13,,,,,,,,,,,,,,,,,,,,,,,,,,,,,,,,,,,,,,,,,,,,,,,NIFTY50,24112.24,
,,,,,,,,,,,,,,,10_benchmark_indices.csv,,2023-04-14,,,,,,,,,,,,,,,,,,,,,,,,,,,,,,,,,,,,,,,,,,,,,,,NIFTY50,24471.76,
,,,,,,,,,,,,,,,10_benchmark_indices.csv,,2023-04-17,,,,,,,,,,,,,,,,,,,,,,,,,,,,,,,,,,,,,,,,,,,,,,,NIFTY50,24399.9,
,,,,,,,,,,,,,,,10_benchmark_indices.csv,,2023-04-18,,,,,,,,,,,,,,,,,,,,,,,,,,,,,,,,,,,,,,,,,,,,,,,NIFTY50,24423.04,
,,,,,,,,,,,,,,,10_benchmark_indices.csv,,2023-04-19,,,,,,,,,,,,,,,,,,,,,,,,,,,,,,,,,,,,,,,,,,,,,,,NIFTY50,24458.55,
,,,,,,,,,,,,,,,10_benchmark_indices.csv,,2023-04-20,,,,,,,,,,,,,,,,,,,,,,,,,,,,,,,,,,,,,,,,,,,,,,,NIFTY50,24640.52,
,,,,,,,,,,,,,,,10_benchmark_indices.csv,,2023-04-21,,,,,,,,,,,,,,,,,,,,,,,,,,,,,,,,,,,,,,,,,,,,,,,NIFTY50,24420.96,
,,,,,,,,,,,,,,,10_benchmark_indices.csv,,2023-04-24,,,,,,,,,,,,,,,,,,,,,,,,,,,,,,,,,,,,,,,,,,,,,,,NIFTY50,24228.6,
,,,,,,,,,,,,,,,10_benchmark_indices.csv,,2023-04-25,,,,,,,,,,,,,,,,,,,,,,,,,,,,,,,,,,,,,,,,,,,,,,,NIFTY50,24428.0,
,,,,,,,,,,,,,,,10_benchmark_indices.csv,,2023-04-26,,,,,,,,,,,,,,,,,,,,,,,,,,,,,,,,,,,,,,,,,,,,,,,NIFTY50,24799.47,
,,,,,,,,,,,,,,,10_benchmark_indices.csv,,2023-04-27,,,,,,,,,,,,,,,,,,,,,,,,,,,,,,,,,,,,,,,,,,,,,,,NIFTY50,24737.41,
,,,,,,,,,,,,,,,10_benchmark_indices.csv,,2023-04-28,,,,,,,,,,,,,,,,,,,,,,,,,,,,,,,,,,,,,,,,,,,,,,,NIFTY50,24494.8,
,,,,,,,,,,,,,,,10_benchmark_indices.csv,,2023-05-01,,,,,,,,,,,,,,,,,,,,,,,,,,,,,,,,,,,,,,,,,,,,,,,NIFTY50,24268.79,
,,,,,,,,,,,,,,,10_benchmark_indices.csv,,2023-05-02,,,,,,,,,,,,,,,,,,,,,,,,,,,,,,,,,,,,,,,,,,,,,,,NIFTY50,24487.26,
,,,,,,,,,,,,,,,10_benchmark_indices.csv,,2023-05-03,,,,,,,,,,,,,,,,,,,,,,,,,,,,,,,,,,,,,,,,,,,,,,,NIFTY50,24162.88,
,,,,,,,,,,,,,,,10_benchmark_indices.csv,,2023-05-04,,,,,,,,,,,,,,,,,,,,,,,,,,,,,,,,,,,,,,,,,,,,,,,NIFTY50,24187.03,
,,,,,,,,,,,,,,,10_benchmark_indices.csv,,2023-05-05,,,,,,,,,,,,,,,,,,,,,,,,,,,,,,,,,,,,,,,,,,,,,,,NIFTY50,24163.65,
,,,,,,,,,,,,,,,10_benchmark_indices.csv,,2023-05-08,,,,,,,,,,,,,,,,,,,,,,,,,,,,,,,,,,,,,,,,,,,,,,,NIFTY50,24041.81,
,,,,,,,,,,,,,,,10_benchmark_indices.csv,,2023-05-09,,,,,,,,,,,,,,,,,,,,,,,,,,,,,,,,,,,,,,,,,,,,,,,NIFTY50,23884.78,
,,,,,,,,,,,,,,,10_benchmark_indices.csv,,2023-05-10,,,,,,,,,,,,,,,,,,,,,,,,,,,,,,,,,,,,,,,,,,,,,,,NIFTY50,24032.77,
,,,,,,,,,,,,,,,10_benchmark_indices.csv,,2023-05-11,,,,,,,,,,,,,,,,,,,,,,,,,,,,,,,,,,,,,,,,,,,,,,,NIFTY50,24197.78,
,,,,,,,,,,,,,,,10_benchmark_indices.csv,,2023-05-12,,,,,,,,,,,,,,,,,,,,,,,,,,,,,,,,,,,,,,,,,,,,,,,NIFTY50,24441.85,
,,,,,,,,,,,,,,,10_benchmark_indices.csv,,2023-05-15,,,,,,,,,,,,,,,,,,,,,,,,,,,,,,,,,,,,,,,,,,,,,,,NIFTY50,24550.67,
,,,,,,,,,,,,,,,10_benchmark_indices.csv,,2023-05-16,,,,,,,,,,,,,,,,,,,,,,,,,,,,,,,,,,,,,,,,,,,,,,,NIFTY50,24563.89,
,,,,,,,,,,,,,,,10_benchmark_indices.csv,,2023-05-17,,,,,,,,,,,,,,,,,,,,,,,,,,,,,,,,,,,,,,,,,,,,,,,NIFTY50,24608.47,
,,,,,,,,,,,,,,,10_benchmark_indices.csv,,2023-05-18,,,,,,,,,,,,,,,,,,,,,,,,,,,,,,,,,,,,,,,,,,,,,,,NIFTY50,24820.77,
,,,,,,,,,,,,,,,10_benchmark_indices.csv,,2023-05-19,,,,,,,,,,,,,,,,,,,,,,,,,,,,,,,,,,,,,,,,,,,,,,,NIFTY50,24487.77,
,,,,,,,,,,,,,,,10_benchmark_indices.csv,,2023-05-22,,,,,,,,,,,,,,,,,,,,,,,,,,,,,,,,,,,,,,,,,,,,,,,NIFTY50,24588.67,
,,,,,,,,,,,,,,,10_benchmark_indices.csv,,2023-05-23,,,,,,,,,,,,,,,,,,,,,,,,,,,,,,,,,,,,,,,,,,,,,,,NIFTY50,24484.16,
,,,,,,,,,,,,,,,10_benchmark_indices.csv,,2023-05-24,,,,,,,,,,,,,,,,,,,,,,,,,,,,,,,,,,,,,,,,,,,,,,,NIFTY50,24571.39,
,,,,,,,,,,,,,,,10_benchmark_indices.csv,,2023-05-25,,,,,,,,,,,,,,,,,,,,,,,,,,,,,,,,,,,,,,,,,,,,,,,NIFTY50,24376.5,
,,,,,,,,,,,,,,,10_benchmark_indices.csv,,2023-05-26,,,,,,,,,,,,,,,,,,,,,,,,,,,,,,,,,,,,,,,,,,,,,,,NIFTY50,24558.48,
,,,,,,,,,,,,,,,10_benchmark_indices.csv,,2023-05-29,,,,,,,,,,,,,,,,,,,,,,,,,,,,,,,,,,,,,,,,,,,,,,,NIFTY50,24688.69,
,,,,,,,,,,,,,,,10_benchmark_indices.csv,,2023-05-30,,,,,,,,,,,,,,,,,,,,,,,,,,,,,,,,,,,,,,,,,,,,,,,NIFTY50,24558.17,
,,,,,,,,,,,,,,,10_benchmark_indices.csv,,2023-05-31,,,,,,,,,,,,,,,,,,,,,,,,,,,,,,,,,,,,,,,,,,,,,,,NIFTY50,24476.07,
,,,,,,,,,,,,,,,10_benchmark_indices.csv,,2024-06-03,,,,,,,,,,,,,,,,,,,,,,,,,,,,,,,,,,,,,,,,,,,,,,,NIFTY50,24306.96,
,,,,,,,,,,,,,,,10_benchmark_indices.csv,,2024-06-04,,,,,,,,,,,,,,,,,,,,,,,,,,,,,,,,,,,,,,,,,,,,,,,NIFTY50,24298.76,
,,,,,,,,,,,,,,,10_benchmark_indices.csv,,2024-06-05,,,,,,,,,,,,,,,,,,,,,,,,,,,,,,,,,,,,,,,,,,,,,,,NIFTY50,24515.94,
,,,,,,,,,,,,,,,10_benchmark_indices.csv,,2024-06-06,,,,,,,,,,,,,,,,,,,,,,,,,,,,,,,,,,,,,,,,,,,,,,,NIFTY50,24327.82,
,,,,,,,,,,,,,,,10_benchmark_indices.csv,,2024-06-07,,,,,,,,,,,,,,,,,,,,,,,,,,,,,,,,,,,,,,,,,,,,,,,NIFTY50,24108.83,
,,,,,,,,,,,,,,,10_benchmark_indices.csv,,2024-06-10,,,,,,,,,,,,,,,,,,,,,,,,,,,,,,,,,,,,,,,,,,,,,,,NIFTY50,24240.59,
,,,,,,,,,,,,,,,10_benchmark_indices.csv,,2024-06-11,,,,,,,,,,,,,,,,,,,,,,,,,,,,,,,,,,,,,,,,,,,,,,,NIFTY50,24606.36,
,,,,,,,,,,,,,,,10_benchmark_indices.csv,,2024-06-12,,,,,,,,,,,,,,,,,,,,,,,,,,,,,,,,,,,,,,,,,,,,,,,NIFTY50,24329.59,
,,,,,,,,,,,,,,,10_benchmark_indices.csv,,2024-06-13,,,,,,,,,,,,,,,,,,,,,,,,,,,,,,,,,,,,,,,,,,,,,,,NIFTY50,24328.14,
,,,,,,,,,,,,,,,10_benchmark_indices.csv,,2024-06-14,,,,,,,,,,,,,,,,,,,,,,,,,,,,,,,,,,,,,,,,,,,,,,,NIFTY50,24400.26,
,,,,,,,,,,,,,,,10_benchmark_indices.csv,,2024-06-17,,,,,,,,,,,,,,,,,,,,,,,,,,,,,,,,,,,,,,,,,,,,,,,NIFTY50,24493.03,
,,,,,,,,,,,,,,,10_benchmark_indices.csv,,2024-06-18,,,,,,,,,,,,,,,,,,,,,,,,,,,,,,,,,,,,,,,,,,,,,,,NIFTY50,24433.08,
,,,,,,,,,,,,,,,10_benchmark_indices.csv,,2024-06-19,,,,,,,,,,,,,,,,,,,,,,,,,,,,,,,,,,,,,,,,,,,,,,,NIFTY50,24251.6,
,,,,,,,,,,,,,,,10_benchmark_indices.csv,,2024-06-20,,,,,,,,,,,,,,,,,,,,,,,,,,,,,,,,,,,,,,,,,,,,,,,NIFTY50,23845.04,
,,,,,,,,,,,,,,,10_benchmark_indices.csv,,2024-06-21,,,,,,,,,,,,,,,,,,,,,,,,,,,,,,,,,,,,,,,,,,,,,,,NIFTY50,24242.12,
,,,,,,,,,,,,,,,10_benchmark_indices.csv,,2024-06-24,,,,,,,,,,,,,,,,,,,,,,,,,,,,,,,,,,,,,,,,,,,,,,,NIFTY50,24562.63,
,,,,,,,,,,,,,,,10_benchmark_indices.csv,,2024-06-25,,,,,,,,,,,,,,,,,,,,,,,,,,,,,,,,,,,,,,,,,,,,,,,NIFTY50,24429.47,
,,,,,,,,,,,,,,,10_benchmark_indices.csv,,2024-06-26,,,,,,,,,,,,,,,,,,,,,,,,,,,,,,,,,,,,,,,,,,,,,,,NIFTY50,24432.48,
,,,,,,,,,,,,,,,10_benchmark_indices.csv,,2024-06-27,,,,,,,,,,,,,,,,,,,,,,,,,,,,,,,,,,,,,,,,,,,,,,,NIFTY50,24309.96,
,,,,,,,,,,,,,,,10_benchmark_indices.csv,,2024-06-28,,,,,,,,,,,,,,,,,,,,,,,,,,,,,,,,,,,,,,,,,,,,,,,NIFTY50,24249.42,
,,,,,,,,,,,,,,,10_benchmark_indices.csv,,2024-07-01,,,,,,,,,,,,,,,,,,,,,,,,,,,,,,,,,,,,,,,,,,,,,,,NIFTY50,24219.76,
,,,,,,,,,,,,,,,10_benchmark_indices.csv,,2024-07-02,,,,,,,,,,,,,,,,,,,,,,,,,,,,,,,,,,,,,,,,,,,,,,,NIFTY50,23978.71,
,,,,,,,,,,,,,,,10_benchmark_indices.csv,,2024-07-03,,,,,,,,,,,,,,,,,,,,,,,,,,,,,,,,,,,,,,,,,,,,,,,NIFTY50,23963.28,
,,,,,,,,,,,,,,,10_benchmark_indices.csv,,2024-07-04,,,,,,,,,,,,,,,,,,,,,,,,,,,,,,,,,,,,,,,,,,,,,,,NIFTY50,23984.4,
,,,,,,,,,,,,,,,10_benchmark_indices.csv,,2024-07-05,,,,,,,,,,,,,,,,,,,,,,,,,,,,,,,,,,,,,,,,,,,,,,,NIFTY50,23663.37,
,,,,,,,,,,,,,,,10_benchmark_indices.csv,,2024-07-08,,,,,,,,,,,,,,,,,,,,,,,,,,,,,,,,,,,,,,,,,,,,,,,NIFTY50,23523.06,
,,,,,,,,,,,,,,,10_benchmark_indices.csv,,2024-07-09,,,,,,,,,,,,,,,,,,,,,,,,,,,,,,,,,,,,,,,,,,,,,,,NIFTY50,23252.67,
,,,,,,,,,,,,,,,10_benchmark_indices.csv,,2024-07-10,,,,,,,,,,,,,,,,,,,,,,,,,,,,,,,,,,,,,,,,,,,,,,,NIFTY50,23052.9,
,,,,,,,,,,,,,,,10_benchmark_indices.csv,,2024-07-11,,,,,,,,,,,,,,,,,,,,,,,,,,,,,,,,,,,,,,,,,,,,,,,NIFTY50,23007.05,
,,,,,,,,,,,,,,,10_benchmark_indices.csv,,2024-07-12,,,,,,,,,,,,,,,,,,,,,,,,,,,,,,,,,,,,,,,,,,,,,,,NIFTY50,22976.94,
,,,,,,,,,,,,,,,10_benchmark_indices.csv,,2024-07-15,,,,,,,,,,,,,,,,,,,,,,,,,,,,,,,,,,,,,,,,,,,,,,,NIFTY50,22948.31,
,,,,,,,,,,,,,,,10_benchmark_indices.csv,,2024-07-16,,,,,,,,,,,,,,,,,,,,,,,,,,,,,,,,,,,,,,,,,,,,,,,NIFTY50,23344.22,
,,,,,,,,,,,,,,,10_benchmark_indices.csv,,2024-07-17,,,,,,,,,,,,,,,,,,,,,,,,,,,,,,,,,,,,,,,,,,,,,,,NIFTY50,23403.7,
,,,,,,,,,,,,,,,10_benchmark_indices.csv,,2024-07-18,,,,,,,,,,,,,,,,,,,,,,,,,,,,,,,,,,,,,,,,,,,,,,,NIFTY50,23477.72,
,,,,,,,,,,,,,,,10_benchmark_indices.csv,,2024-07-19,,,,,,,,,,,,,,,,,,,,,,,,,,,,,,,,,,,,,,,,,,,,,,,NIFTY50,23500.87,
,,,,,,,,,,,,,,,10_benchmark_indices.csv,,2024-07-22,,,,,,,,,,,,,,,,,,,,,,,,,,,,,,,,,,,,,,,,,,,,,,,NIFTY50,23225.61,
,,,,,,,,,,,,,,,10_benchmark_indices.csv,,2024-07-23,,,,,,,,,,,,,,,,,,,,,,,,,,,,,,,,,,,,,,,,,,,,,,,NIFTY50,23202.96,
,,,,,,,,,,,,,,,10_benchmark_indices.csv,,2024-07-24,,,,,,,,,,,,,,,,,,,,,,,,,,,,,,,,,,,,,,,,,,,,,,,NIFTY50,23204.79,
,,,,,,,,,,,,,,,10_benchmark_indices.csv,,2024-07-25,,,,,,,,,,,,,,,,,,,,,,,,,,,,,,,,,,,,,,,,,,,,,,,NIFTY50,23346.45,
,,,,,,,,,,,,,,,10_benchmark_indices.csv,,2024-07-26,,,,,,,,,,,,,,,,,,,,,,,,,,,,,,,,,,,,,,,,,,,,,,,NIFTY50,23136.57,
,,,,,,,,,,,,,,,10_benchmark_indices.csv,,2024-07-29,,,,,,,,,,,,,,,,,,,,,,,,,,,,,,,,,,,,,,,,,,,,,,,NIFTY50,23030.51,
,,,,,,,,,,,,,,,10_benchmark_indices.csv,,2024-07-30,,,,,,,,,,,,,,,,,,,,,,,,,,,,,,,,,,,,,,,,,,,,,,,NIFTY50,22827.69,
,,,,,,,,,,,,,,,10_benchmark_indices.csv,,2024-07-31,,,,,,,,,,,,,,,,,,,,,,,,,,,,,,,,,,,,,,,,,,,,,,,NIFTY50,22704.38,
,,,,,,,,,,,,,,,10_benchmark_indices.csv,,2024-08-01,,,,,,,,,,,,,,,,,,,,,,,,,,,,,,,,,,,,,,,,,,,,,,,NIFTY50,22650.66,
,,,,,,,,,,,,,,,10_benchmark_indices.csv,,2024-08-02,,,,,,,,,,,,,,,,,,,,,,,,,,,,,,,,,,,,,,,,,,,,,,,NIFTY50,22431.03,
,,,,,,,,,,,,,,,10_benchmark_indices.csv,,2024-08-05,,,,,,,,,,,,,,,,,,,,,,,,,,,,,,,,,,,,,,,,,,,,,,,NIFTY50,22584.78,
,,,,,,,,,,,,,,,10_benchmark_indices.csv,,2024-08-06,,,,,,,,,,,,,,,,,,,,,,,,,,,,,,,,,,,,,,,,,,,,,,,NIFTY50,22404.45,
,,,,,,,,,,,,,,,10_benchmark_indices.csv,,2024-08-07,,,,,,,,,,,,,,,,,,,,,,,,,,,,,,,,,,,,,,,,,,,,,,,NIFTY50,22532.78,
,,,,,,,,,,,,,,,10_benchmark_indices.csv,,2024-08-08,,,,,,,,,,,,,,,,,,,,,,,,,,,,,,,,,,,,,,,,,,,,,,,NIFTY50,22452.13,
,,,,,,,,,,,,,,,10_benchmark_indices.csv,,2024-08-09,,,,,,,,,,,,,,,,,,,,,,,,,,,,,,,,,,,,,,,,,,,,,,,NIFTY50,22367.52,
,,,,,,,,,,,,,,,10_benchmark_indices.csv,,2024-08-12,,,,,,,,,,,,,,,,,,,,,,,,,,,,,,,,,,,,,,,,,,,,,,,NIFTY50,22526.84,
,,,,,,,,,,,,,,,10_benchmark_indices.csv,,2024-08-13,,,,,,,,,,,,,,,,,,,,,,,,,,,,,,,,,,,,,,,,,,,,,,,NIFTY50,22647.1,
,,,,,,,,,,,,,,,10_benchmark_indices.csv,,2024-08-14,,,,,,,,,,,,,,,,,,,,,,,,,,,,,,,,,,,,,,,,,,,,,,,NIFTY50,22735.91,
,,,,,,,,,,,,,,,10_benchmark_indices.csv,,2024-08-15,,,,,,,,,,,,,,,,,,,,,,,,,,,,,,,,,,,,,,,,,,,,,,,NIFTY50,22420.47,
,,,,,,,,,,,,,,,10_benchmark_indices.csv,,2024-08-16,,,,,,,,,,,,,,,,,,,,,,,,,,,,,,,,,,,,,,,,,,,,,,,NIFTY50,22650.74,
,,,,,,,,,,,,,,,10_benchmark_indices.csv,,2024-08-19,,,,,,,,,,,,,,,,,,,,,,,,,,,,,,,,,,,,,,,,,,,,,,,NIFTY50,22929.48,
,,,,,,,,,,,,,,,10_benchmark_indices.csv,,2024-08-20,,,,,,,,,,,,,,,,,,,,,,,,,,,,,,,,,,,,,,,,,,,,,,,NIFTY50,22884.85,
,,,,,,,,,,,,,,,10_benchmark_indices.csv,,2024-08-21,,,,,,,,,,,,,,,,,,,,,,,,,,,,,,,,,,,,,,,,,,,,,,,NIFTY50,22709.62,
,,,,,,,,,,,,,,,10_benchmark_indices.csv,,2024-08-22,,,,,,,,,,,,,,,,,,,,,,,,,,,,,,,,,,,,,,,,,,,,,,,NIFTY50,22490.05,
,,,,,,,,,,,,,,,10_benchmark_indices.csv,,2024-08-23,,,,,,,,,,,,,,,,,,,,,,,,,,,,,,,,,,,,,,,,,,,,,,,NIFTY50,22439.05,
,,,,,,,,,,,,,,,10_benchmark_indices.csv,,2024-08-26,,,,,,,,,,,,,,,,,,,,,,,,,,,,,,,,,,,,,,,,,,,,,,,NIFTY50,22243.53,
,,,,,,,,,,,,,,,10_benchmark_indices.csv,,2024-08-27,,,,,,,,,,,,,,,,,,,,,,,,,,,,,,,,,,,,,,,,,,,,,,,NIFTY50,22207.46,
,,,,,,,,,,,,,,,10_benchmark_indices.csv,,2024-08-28,,,,,,,,,,,,,,,,,,,,,,,,,,,,,,,,,,,,,,,,,,,,,,,NIFTY50,22110.53,
,,,,,,,,,,,,,,,10_benchmark_indices.csv,,2024-08-29,,,,,,,,,,,,,,,,,,,,,,,,,,,,,,,,,,,,,,,,,,,,,,,NIFTY50,21873.88,
,,,,,,,,,,,,,,,10_benchmark_indices.csv,,2024-08-30,,,,,,,,,,,,,,,,,,,,,,,,,,,,,,,,,,,,,,,,,,,,,,,NIFTY50,21757.43,
,,,,,,,,,,,,,,,10_benchmark_indices.csv,,2024-09-02,,,,,,,,,,,,,,,,,,,,,,,,,,,,,,,,,,,,,,,,,,,,,,,NIFTY50,21776.98,
,,,,,,,,,,,,,,,10_benchmark_indices.csv,,2024-09-03,,,,,,,,,,,,,,,,,,,,,,,,,,,,,,,,,,,,,,,,,,,,,,,NIFTY50,21618.96,
,,,,,,,,,,,,,,,10_benchmark_indices.csv,,2024-09-04,,,,,,,,,,,,,,,,,,,,,,,,,,,,,,,,,,,,,,,,,,,,,,,NIFTY50,21560.82,
,,,,,,,,,,,,,,,10_benchmark_indices.csv,,2024-09-05,,,,,,,,,,,,,,,,,,,,,,,,,,,,,,,,,,,,,,,,,,,,,,,NIFTY50,21723.49,
,,,,,,,,,,,,,,,10_benchmark_indices.csv,,2024-09-06,,,,,,,,,,,,,,,,,,,,,,,,,,,,,,,,,,,,,,,,,,,,,,,NIFTY50,21594.36,
,,,,,,,,,,,,,,,10_benchmark_indices.csv,,2024-09-09,,,,,,,,,,,,,,,,,,,,,,,,,,,,,,,,,,,,,,,,,,,,,,,NIFTY50,21435.0,
,,,,,,,,,,,,,,,10_benchmark_indices.csv,,2024-09-10,,,,,,,,,,,,,,,,,,,,,,,,,,,,,,,,,,,,,,,,,,,,,,,NIFTY50,21460.45,
,,,,,,,,,,,,,,,10_benchmark_indices.csv,,2024-09-11,,,,,,,,,,,,,,,,,,,,,,,,,,,,,,,,,,,,,,,,,,,,,,,NIFTY50,21670.03,
,,,,,,,,,,,,,,,10_benchmark_indices.csv,,2024-09-12,,,,,,,,,,,,,,,,,,,,,,,,,,,,,,,,,,,,,,,,,,,,,,,NIFTY50,21751.37,
,,,,,,,,,,,,,,,10_benchmark_indices.csv,,2024-09-13,,,,,,,,,,,,,,,,,,,,,,,,,,,,,,,,,,,,,,,,,,,,,,,NIFTY50,21636.51,
,,,,,,,,,,,,,,,10_benchmark_indices.csv,,2024-09-16,,,,,,,,,,,,,,,,,,,,,,,,,,,,,,,,,,,,,,,,,,,,,,,NIFTY50,21521.66,
,,,,,,,,,,,,,,,10_benchmark_indices.csv,,2024-09-17,,,,,,,,,,,,,,,,,,,,,,,,,,,,,,,,,,,,,,,,,,,,,,,NIFTY50,21440.2,
,,,,,,,,,,,,,,,10_benchmark_indices.csv,,2024-09-18,,,,,,,,,,,,,,,,,,,,,,,,,,,,,,,,,,,,,,,,,,,,,,,NIFTY50,21386.9,
,,,,,,,,,,,,,,,10_benchmark_indices.csv,,2024-09-19,,,,,,,,,,,,,,,,,,,,,,,,,,,,,,,,,,,,,,,,,,,,,,,NIFTY50,21833.13,
,,,,,,,,,,,,,,,10_benchmark_indices.csv,,2024-09-20,,,,,,,,,,,,,,,,,,,,,,,,,,,,,,,,,,,,,,,,,,,,,,,NIFTY50,21860.06,
,,,,,,,,,,,,,,,10_benchmark_indices.csv,,2024-09-23,,,,,,,,,,,,,,,,,,,,,,,,,,,,,,,,,,,,,,,,,,,,,,,NIFTY50,22193.05,
,,,,,,,,,,,,,,,10_benchmark_indices.csv,,2024-09-24,,,,,,,,,,,,,,,,,,,,,,,,,,,,,,,,,,,,,,,,,,,,,,,NIFTY50,22353.15,
,,,,,,,,,,,,,,,10_benchmark_indices.csv,,2024-09-25,,,,,,,,,,,,,,,,,,,,,,,,,,,,,,,,,,,,,,,,,,,,,,,NIFTY50,21904.89,
,,,,,,,,,,,,,,,10_benchmark_indices.csv,,2024-09-26,,,,,,,,,,,,,,,,,,,,,,,,,,,,,,,,,,,,,,,,,,,,,,,NIFTY50,21823.42,
,,,,,,,,,,,,,,,10_benchmark_indices.csv,,2024-09-27,,,,,,,,,,,,,,,,,,,,,,,,,,,,,,,,,,,,,,,,,,,,,,,NIFTY50,21820.83,
,,,,,,,,,,,,,,,10_benchmark_indices.csv,,2024-09-30,,,,,,,,,,,,,,,,,,,,,,,,,,,,,,,,,,,,,,,,,,,,,,,NIFTY50,21860.32,
,,,,,,,,,,,,,,,10_benchmark_indices.csv,,2024-10-01,,,,,,,,,,,,,,,,,,,,,,,,,,,,,,,,,,,,,,,,,,,,,,,NIFTY50,21882.13,
,,,,,,,,,,,,,,,10_benchmark_indices.csv,,2024-10-02,,,,,,,,,,,,,,,,,,,,,,,,,,,,,,,,,,,,,,,,,,,,,,,NIFTY50,21585.33,
,,,,,,,,,,,,,,,10_benchmark_indices.csv,,2024-10-03,,,,,,,,,,,,,,,,,,,,,,,,,,,,,,,,,,,,,,,,,,,,,,,NIFTY50,21285.85,
,,,,,,,,,,,,,,,10_benchmark_indices.csv,,2024-10-04,,,,,,,,,,,,,,,,,,,,,,,,,,,,,,,,,,,,,,,,,,,,,,,NIFTY50,21287.69,
,,,,,,,,,,,,,,,10_benchmark_indices.csv,,2024-10-07,,,,,,,,,,,,,,,,,,,,,,,,,,,,,,,,,,,,,,,,,,,,,,,NIFTY50,21226.63,
,,,,,,,,,,,,,,,10_benchmark_indices.csv,,2024-10-08,,,,,,,,,,,,,,,,,,,,,,,,,,,,,,,,,,,,,,,,,,,,,,,NIFTY50,21458.83,
,,,,,,,,,,,,,,,10_benchmark_indices.csv,,2024-10-09,,,,,,,,,,,,,,,,,,,,,,,,,,,,,,,,,,,,,,,,,,,,,,,NIFTY50,21469.47,
,,,,,,,,,,,,,,,10_benchmark_indices.csv,,2024-10-10,,,,,,,,,,,,,,,,,,,,,,,,,,,,,,,,,,,,,,,,,,,,,,,NIFTY50,21614.9,
,,,,,,,,,,,,,,,10_benchmark_indices.csv,,2024-10-11,,,,,,,,,,,,,,,,,,,,,,,,,,,,,,,,,,,,,,,,,,,,,,,NIFTY50,21740.08,
,,,,,,,,,,,,,,,10_benchmark_indices.csv,,2024-10-14,,,,,,,,,,,,,,,,,,,,,,,,,,,,,,,,,,,,,,,,,,,,,,,NIFTY50,21737.68,
,,,,,,,,,,,,,,,10_benchmark_indices.csv,,2024-10-15,,,,,,,,,,,,,,,,,,,,,,,,,,,,,,,,,,,,,,,,,,,,,,,NIFTY50,21945.12,
,,,,,,,,,,,,,,,10_benchmark_indices.csv,,2024-10-16,,,,,,,,,,,,,,,,,,,,,,,,,,,,,,,,,,,,,,,,,,,,,,,NIFTY50,21871.8,
,,,,,,,,,,,,,,,10_benchmark_indices.csv,,2024-10-17,,,,,,,,,,,,,,,,,,,,,,,,,,,,,,,,,,,,,,,,,,,,,,,NIFTY50,21872.35,
,,,,,,,,,,,,,,,10_benchmark_indices.csv,,2024-10-18,,,,,,,,,,,,,,,,,,,,,,,,,,,,,,,,,,,,,,,,,,,,,,,NIFTY50,21894.68,
,,,,,,,,,,,,,,,10_benchmark_indices.csv,,2024-10-21,,,,,,,,,,,,,,,,,,,,,,,,,,,,,,,,,,,,,,,,,,,,,,,NIFTY50,21753.58,
,,,,,,,,,,,,,,,10_benchmark_indices.csv,,2024-10-22,,,,,,,,,,,,,,,,,,,,,,,,,,,,,,,,,,,,,,,,,,,,,,,NIFTY50,21557.84,
,,,,,,,,,,,,,,,10_benchmark_indices.csv,,2024-10-23,,,,,,,,,,,,,,,,,,,,,,,,,,,,,,,,,,,,,,,,,,,,,,,NIFTY50,21341.42,
,,,,,,,,,,,,,,,10_benchmark_indices.csv,,2024-10-24,,,,,,,,,,,,,,,,,,,,,,,,,,,,,,,,,,,,,,,,,,,,,,,NIFTY50,21169.13,
,,,,,,,,,,,,,,,10_benchmark_indices.csv,,2024-10-25,,,,,,,,,,,,,,,,,,,,,,,,,,,,,,,,,,,,,,,,,,,,,,,NIFTY50,21155.33,
,,,,,,,,,,,,,,,10_benchmark_indices.csv,,2024-10-28,,,,,,,,,,,,,,,,,,,,,,,,,,,,,,,,,,,,,,,,,,,,,,,NIFTY50,21218.4,
,,,,,,,,,,,,,,,10_benchmark_indices.csv,,2024-10-29,,,,,,,,,,,,,,,,,,,,,,,,,,,,,,,,,,,,,,,,,,,,,,,NIFTY50,21010.6,
,,,,,,,,,,,,,,,10_benchmark_indices.csv,,2024-10-30,,,,,,,,,,,,,,,,,,,,,,,,,,,,,,,,,,,,,,,,,,,,,,,NIFTY50,21029.77,
,,,,,,,,,,,,,,,10_benchmark_indices.csv,,2024-10-31,,,,,,,,,,,,,,,,,,,,,,,,,,,,,,,,,,,,,,,,,,,,,,,NIFTY50,20995.61,
,,,,,,,,,,,,,,,10_benchmark_indices.csv,,2024-11-01,,,,,,,,,,,,,,,,,,,,,,,,,,,,,,,,,,,,,,,,,,,,,,,NIFTY50,21165.71,
,,,,,,,,,,,,,,,10_benchmark_indices.csv,,2024-11-04,,,,,,,,,,,,,,,,,,,,,,,,,,,,,,,,,,,,,,,,,,,,,,,NIFTY50,21088.33,
,,,,,,,,,,,,,,,10_benchmark_indices.csv,,2024-11-05,,,,,,,,,,,,,,,,,,,,,,,,,,,,,,,,,,,,,,,,,,,,,,,NIFTY50,21373.95,
,,,,,,,,,,,,,,,10_benchmark_indices.csv,,2024-11-06,,,,,,,,,,,,,,,,,,,,,,,,,,,,,,,,,,,,,,,,,,,,,,,NIFTY50,21517.91,
,,,,,,,,,,,,,,,10_benchmark_indices.csv,,2024-11-07,,,,,,,,,,,,,,,,,,,,,,,,,,,,,,,,,,,,,,,,,,,,,,,NIFTY50,21469.52,
,,,,,,,,,,,,,,,10_benchmark_indices.csv,,2024-11-08,,,,,,,,,,,,,,,,,,,,,,,,,,,,,,,,,,,,,,,,,,,,,,,NIFTY50,21383.49,
,,,,,,,,,,,,,,,10_benchmark_indices.csv,,2024-11-11,,,,,,,,,,,,,,,,,,,,,,,,,,,,,,,,,,,,,,,,,,,,,,,NIFTY50,21549.43,
,,,,,,,,,,,,,,,10_benchmark_indices.csv,,2024-11-12,,,,,,,,,,,,,,,,,,,,,,,,,,,,,,,,,,,,,,,,,,,,,,,NIFTY50,21500.74,
,,,,,,,,,,,,,,,10_benchmark_indices.csv,,2024-11-13,,,,,,,,,,,,,,,,,,,,,,,,,,,,,,,,,,,,,,,,,,,,,,,NIFTY50,21517.68,
,,,,,,,,,,,,,,,10_benchmark_indices.csv,,2024-11-14,,,,,,,,,,,,,,,,,,,,,,,,,,,,,,,,,,,,,,,,,,,,,,,NIFTY50,21438.01,
,,,,,,,,,,,,,,,10_benchmark_indices.csv,,2024-11-15,,,,,,,,,,,,,,,,,,,,,,,,,,,,,,,,,,,,,,,,,,,,,,,NIFTY50,21350.68,
,,,,,,,,,,,,,,,10_benchmark_indices.csv,,2024-11-18,,,,,,,,,,,,,,,,,,,,,,,,,,,,,,,,,,,,,,,,,,,,,,,NIFTY50,21147.94,
,,,,,,,,,,,,,,,10_benchmark_indices.csv,,2024-11-19,,,,,,,,,,,,,,,,,,,,,,,,,,,,,,,,,,,,,,,,,,,,,,,NIFTY50,21396.52,
,,,,,,,,,,,,,,,10_benchmark_indices.csv,,2024-11-20,,,,,,,,,,,,,,,,,,,,,,,,,,,,,,,,,,,,,,,,,,,,,,,NIFTY50,21337.55,
,,,,,,,,,,,,,,,10_benchmark_indices.csv,,2024-11-21,,,,,,,,,,,,,,,,,,,,,,,,,,,,,,,,,,,,,,,,,,,,,,,NIFTY50,21371.25,
,,,,,,,,,,,,,,,10_benchmark_indices.csv,,2024-11-22,,,,,,,,,,,,,,,,,,,,,,,,,,,,,,,,,,,,,,,,,,,,,,,NIFTY50,21467.6,
,,,,,,,,,,,,,,,10_benchmark_indices.csv,,2024-11-25,,,,,,,,,,,,,,,,,,,,,,,,,,,,,,,,,,,,,,,,,,,,,,,NIFTY50,21717.8,
,,,,,,,,,,,,,,,10_benchmark_indices.csv,,2024-11-26,,,,,,,,,,,,,,,,,,,,,,,,,,,,,,,,,,,,,,,,,,,,,,,NIFTY50,21628.92,
,,,,,,,,,,,,,,,10_benchmark_indices.csv,,2024-11-27,,,,,,,,,,,,,,,,,,,,,,,,,,,,,,,,,,,,,,,,,,,,,,,NIFTY50,21234.91,
,,,,,,,,,,,,,,,10_benchmark_indices.csv,,2024-11-28,,,,,,,,,,,,,,,,,,,,,,,,,,,,,,,,,,,,,,,,,,,,,,,NIFTY50,21260.85,
,,,,,,,,,,,,,,,10_benchmark_indices.csv,,2024-11-29,,,,,,,,,,,,,,,,,,,,,,,,,,,,,,,,,,,,,,,,,,,,,,,NIFTY50,21358.1,
,,,,,,,,,,,,,,,10_benchmark_indices.csv,,2024-12-02,,,,,,,,,,,,,,,,,,,,,,,,,,,,,,,,,,,,,,,,,,,,,,,NIFTY50,21273.83,
,,,,,,,,,,,,,,,10_benchmark_indices.csv,,2024-12-03,,,,,,,,,,,,,,,,,,,,,,,,,,,,,,,,,,,,,,,,,,,,,,,NIFTY50,21379.73,
,,,,,,,,,,,,,,,10_benchmark_indices.csv,,2024-12-04,,,,,,,,,,,,,,,,,,,,,,,,,,,,,,,,,,,,,,,,,,,,,,,NIFTY50,21390.01,
,,,,,,,,,,,,,,,10_benchmark_indices.csv,,2024-12-05,,,,,,,,,,,,,,,,,,,,,,,,,,,,,,,,,,,,,,,,,,,,,,,NIFTY50,21338.71,
,,,,,,,,,,,,,,,10_benchmark_indices.csv,,2024-12-06,,,,,,,,,,,,,,,,,,,,,,,,,,,,,,,,,,,,,,,,,,,,,,,NIFTY50,21582.0,
,,,,,,,,,,,,,,,10_benchmark_indices.csv,,2024-12-09,,,,,,,,,,,,,,,,,,,,,,,,,,,,,,,,,,,,,,,,,,,,,,,NIFTY50,21535.65,
,,,,,,,,,,,,,,,10_benchmark_indices.csv,,2024-12-10,,,,,,,,,,,,,,,,,,,,,,,,,,,,,,,,,,,,,,,,,,,,,,,NIFTY50,21840.26,
,,,,,,,,,,,,,,,10_benchmark_indices.csv,,2024-12-11,,,,,,,,,,,,,,,,,,,,,,,,,,,,,,,,,,,,,,,,,,,,,,,NIFTY50,21856.57,
,,,,,,,,,,,,,,,10_benchmark_indices.csv,,2024-12-12,,,,,,,,,,,,,,,,,,,,,,,,,,,,,,,,,,,,,,,,,,,,,,,NIFTY50,21718.53,
,,,,,,,,,,,,,,,10_benchmark_indices.csv,,2024-12-13,,,,,,,,,,,,,,,,,,,,,,,,,,,,,,,,,,,,,,,,,,,,,,,NIFTY50,21392.39,
,,,,,,,,,,,,,,,10_benchmark_indices.csv,,2024-12-16,,,,,,,,,,,,,,,,,,,,,,,,,,,,,,,,,,,,,,,,,,,,,,,NIFTY50,21612.32,
,,,,,,,,,,,,,,,10_benchmark_indices.csv,,2024-12-17,,,,,,,,,,,,,,,,,,,,,,,,,,,,,,,,,,,,,,,,,,,,,,,NIFTY50,21792.31,
,,,,,,,,,,,,,,,10_benchmark_indices.csv,,2024-12-18,,,,,,,,,,,,,,,,,,,,,,,,,,,,,,,,,,,,,,,,,,,,,,,NIFTY50,21945.2,
,,,,,,,,,,,,,,,10_benchmark_indices.csv,,2024-12-19,,,,,,,,,,,,,,,,,,,,,,,,,,,,,,,,,,,,,,,,,,,,,,,NIFTY50,22187.83,
,,,,,,,,,,,,,,,10_benchmark_indices.csv,,2024-12-20,,,,,,,,,,,,,,,,,,,,,,,,,,,,,,,,,,,,,,,,,,,,,,,NIFTY50,22527.48,
,,,,,,,,,,,,,,,10_benchmark_indices.csv,,2024-12-23,,,,,,,,,,,,,,,,,,,,,,,,,,,,,,,,,,,,,,,,,,,,,,,NIFTY50,22146.78,
,,,,,,,,,,,,,,,10_benchmark_indices.csv,,2024-12-24,,,,,,,,,,,,,,,,,,,,,,,,,,,,,,,,,,,,,,,,,,,,,,,NIFTY50,21838.5,
,,,,,,,,,,,,,,,10_benchmark_indices.csv,,2024-12-25,,,,,,,,,,,,,,,,,,,,,,,,,,,,,,,,,,,,,,,,,,,,,,,NIFTY50,21798.66,
,,,,,,,,,,,,,,,10_benchmark_indices.csv,,2024-12-26,,,,,,,,,,,,,,,,,,,,,,,,,,,,,,,,,,,,,,,,,,,,,,,NIFTY50,21984.51,
,,,,,,,,,,,,,,,10_benchmark_indices.csv,,2024-12-27,,,,,,,,,,,,,,,,,,,,,,,,,,,,,,,,,,,,,,,,,,,,,,,NIFTY50,22047.05,
,,,,,,,,,,,,,,,10_benchmark_indices.csv,,2024-12-30,,,,,,,,,,,,,,,,,,,,,,,,,,,,,,,,,,,,,,,,,,,,,,,NIFTY50,22110.15,
,,,,,,,,,,,,,,,10_benchmark_indices.csv,,2024-12-31,,,,,,,,,,,,,,,,,,,,,,,,,,,,,,,,,,,,,,,,,,,,,,,NIFTY50,22040.14,
,,,,,,,,,,,,,,,10_benchmark_indices.csv,,2025-01-01,,,,,,,,,,,,,,,,,,,,,,,,,,,,,,,,,,,,,,,,,,,,,,,NIFTY50,21898.36,
,,,,,,,,,,,,,,,10_benchmark_indices.csv,,2025-01-02,,,,,,,,,,,,,,,,,,,,,,,,,,,,,,,,,,,,,,,,,,,,,,,NIFTY50,21891.34,
,,,,,,,,,,,,,,,10_benchmark_indices.csv,,2025-01-03,,,,,,,,,,,,,,,,,,,,,,,,,,,,,,,,,,,,,,,,,,,,,,,NIFTY50,21856.17,
,,,,,,,,,,,,,,,10_benchmark_indices.csv,,2025-01-06,,,,,,,,,,,,,,,,,,,,,,,,,,,,,,,,,,,,,,,,,,,,,,,NIFTY50,21786.26,
,,,,,,,,,,,,,,,10_benchmark_indices.csv,,2025-01-07,,,,,,,,,,,,,,,,,,,,,,,,,,,,,,,,,,,,,,,,,,,,,,,NIFTY50,21909.21,
,,,,,,,,,,,,,,,10_benchmark_indices.csv,,2025-01-08,,,,,,,,,,,,,,,,,,,,,,,,,,,,,,,,,,,,,,,,,,,,,,,NIFTY50,21917.86,
,,,,,,,,,,,,,,,10_benchmark_indices.csv,,2025-01-09,,,,,,,,,,,,,,,,,,,,,,,,,,,,,,,,,,,,,,,,,,,,,,,NIFTY50,22007.87,
,,,,,,,,,,,,,,,10_benchmark_indices.csv,,2025-01-10,,,,,,,,,,,,,,,,,,,,,,,,,,,,,,,,,,,,,,,,,,,,,,,NIFTY50,21998.22,
,,,,,,,,,,,,,,,10_benchmark_indices.csv,,2025-01-13,,,,,,,,,,,,,,,,,,,,,,,,,,,,,,,,,,,,,,,,,,,,,,,NIFTY50,22132.75,
,,,,,,,,,,,,,,,10_benchmark_indices.csv,,2025-01-14,,,,,,,,,,,,,,,,,,,,,,,,,,,,,,,,,,,,,,,,,,,,,,,NIFTY50,21943.93,
,,,,,,,,,,,,,,,10_benchmark_indices.csv,,2025-01-15,,,,,,,,,,,,,,,,,,,,,,,,,,,,,,,,,,,,,,,,,,,,,,,NIFTY50,21701.58,
,,,,,,,,,,,,,,,10_benchmark_indices.csv,,2025-01-16,,,,,,,,,,,,,,,,,,,,,,,,,,,,,,,,,,,,,,,,,,,,,,,NIFTY50,21652.11,
,,,,,,,,,,,,,,,10_benchmark_indices.csv,,2025-01-17,,,,,,,,,,,,,,,,,,,,,,,,,,,,,,,,,,,,,,,,,,,,,,,NIFTY50,21798.48,
,,,,,,,,,,,,,,,10_benchmark_indices.csv,,2025-01-20,,,,,,,,,,,,,,,,,,,,,,,,,,,,,,,,,,,,,,,,,,,,,,,NIFTY50,21744.26,
,,,,,,,,,,,,,,,10_benchmark_indices.csv,,2025-01-21,,,,,,,,,,,,,,,,,,,,,,,,,,,,,,,,,,,,,,,,,,,,,,,NIFTY50,22120.01,
,,,,,,,,,,,,,,,10_benchmark_indices.csv,,2025-01-22,,,,,,,,,,,,,,,,,,,,,,,,,,,,,,,,,,,,,,,,,,,,,,,NIFTY50,21946.64,
,,,,,,,,,,,,,,,10_benchmark_indices.csv,,2025-01-23,,,,,,,,,,,,,,,,,,,,,,,,,,,,,,,,,,,,,,,,,,,,,,,NIFTY50,21922.3,
,,,,,,,,,,,,,,,10_benchmark_indices.csv,,2025-01-24,,,,,,,,,,,,,,,,,,,,,,,,,,,,,,,,,,,,,,,,,,,,,,,NIFTY50,21605.35,
,,,,,,,,,,,,,,,10_benchmark_indices.csv,,2025-01-27,,,,,,,,,,,,,,,,,,,,,,,,,,,,,,,,,,,,,,,,,,,,,,,NIFTY50,21878.84,
,,,,,,,,,,,,,,,10_benchmark_indices.csv,,2025-01-28,,,,,,,,,,,,,,,,,,,,,,,,,,,,,,,,,,,,,,,,,,,,,,,NIFTY50,21867.68,
,,,,,,,,,,,,,,,10_benchmark_indices.csv,,2025-01-29,,,,,,,,,,,,,,,,,,,,,,,,,,,,,,,,,,,,,,,,,,,,,,,NIFTY50,21460.36,
,,,,,,,,,,,,,,,10_benchmark_indices.csv,,2025-01-30,,,,,,,,,,,,,,,,,,,,,,,,,,,,,,,,,,,,,,,,,,,,,,,NIFTY50,21415.14,
,,,,,,,,,,,,,,,10_benchmark_indices.csv,,2025-01-31,,,,,,,,,,,,,,,,,,,,,,,,,,,,,,,,,,,,,,,,,,,,,,,NIFTY50,20978.61,
,,,,,,,,,,,,,,,10_benchmark_indices.csv,,2025-02-03,,,,,,,,,,,,,,,,,,,,,,,,,,,,,,,,,,,,,,,,,,,,,,,NIFTY50,21199.23,
,,,,,,,,,,,,,,,10_benchmark_indices.csv,,2025-02-04,,,,,,,,,,,,,,,,,,,,,,,,,,,,,,,,,,,,,,,,,,,,,,,NIFTY50,21051.69,
,,,,,,,,,,,,,,,10_benchmark_indices.csv,,2025-02-05,,,,,,,,,,,,,,,,,,,,,,,,,,,,,,,,,,,,,,,,,,,,,,,NIFTY50,21068.72,
,,,,,,,,,,,,,,,10_benchmark_indices.csv,,2025-02-06,,,,,,,,,,,,,,,,,,,,,,,,,,,,,,,,,,,,,,,,,,,,,,,NIFTY50,20951.31,
,,,,,,,,,,,,,,,10_benchmark_indices.csv,,2025-02-07,,,,,,,,,,,,,,,,,,,,,,,,,,,,,,,,,,,,,,,,,,,,,,,NIFTY50,20926.99,
,,,,,,,,,,,,,,,10_benchmark_indices.csv,,2025-02-10,,,,,,,,,,,,,,,,,,,,,,,,,,,,,,,,,,,,,,,,,,,,,,,NIFTY50,21075.16,
,,,,,,,,,,,,,,,10_benchmark_indices.csv,,2025-02-11,,,,,,,,,,,,,,,,,,,,,,,,,,,,,,,,,,,,,,,,,,,,,,,NIFTY50,21015.32,
,,,,,,,,,,,,,,,10_benchmark_indices.csv,,2025-02-12,,,,,,,,,,,,,,,,,,,,,,,,,,,,,,,,,,,,,,,,,,,,,,,NIFTY50,21121.5,
,,,,,,,,,,,,,,,10_benchmark_indices.csv,,2025-02-13,,,,,,,,,,,,,,,,,,,,,,,,,,,,,,,,,,,,,,,,,,,,,,,NIFTY50,20650.3,
,,,,,,,,,,,,,,,10_benchmark_indices.csv,,2025-02-14,,,,,,,,,,,,,,,,,,,,,,,,,,,,,,,,,,,,,,,,,,,,,,,NIFTY50,20445.87,
,,,,,,,,,,,,,,,10_benchmark_indices.csv,,2025-02-17,,,,,,,,,,,,,,,,,,,,,,,,,,,,,,,,,,,,,,,,,,,,,,,NIFTY50,20464.36,
,,,,,,,,,,,,,,,10_benchmark_indices.csv,,2025-02-18,,,,,,,,,,,,,,,,,,,,,,,,,,,,,,,,,,,,,,,,,,,,,,,NIFTY50,20353.97,
,,,,,,,,,,,,,,,10_benchmark_indices.csv,,2025-02-19,,,,,,,,,,,,,,,,,,,,,,,,,,,,,,,,,,,,,,,,,,,,,,,NIFTY50,20560.37,
,,,,,,,,,,,,,,,10_benchmark_indices.csv,,2025-02-20,,,,,,,,,,,,,,,,,,,,,,,,,,,,,,,,,,,,,,,,,,,,,,,NIFTY50,20711.63,
,,,,,,,,,,,,,,,10_benchmark_indices.csv,,2025-02-21,,,,,,,,,,,,,,,,,,,,,,,,,,,,,,,,,,,,,,,,,,,,,,,NIFTY50,20954.15,
,,,,,,,,,,,,,,,10_benchmark_indices.csv,,2025-02-24,,,,,,,,,,,,,,,,,,,,,,,,,,,,,,,,,,,,,,,,,,,,,,,NIFTY50,20981.05,
,,,,,,,,,,,,,,,10_benchmark_indices.csv,,2025-02-25,,,,,,,,,,,,,,,,,,,,,,,,,,,,,,,,,,,,,,,,,,,,,,,NIFTY50,20863.63,
,,,,,,,,,,,,,,,10_benchmark_indices.csv,,2025-02-26,,,,,,,,,,,,,,,,,,,,,,,,,,,,,,,,,,,,,,,,,,,,,,,NIFTY50,20978.52,
,,,,,,,,,,,,,,,10_benchmark_indices.csv,,2025-02-27,,,,,,,,,,,,,,,,,,,,,,,,,,,,,,,,,,,,,,,,,,,,,,,NIFTY50,20808.01,
,,,,,,,,,,,,,,,10_benchmark_indices.csv,,2025-02-28,,,,,,,,,,,,,,,,,,,,,,,,,,,,,,,,,,,,,,,,,,,,,,,NIFTY50,20768.48,
,,,,,,,,,,,,,,,10_benchmark_indices.csv,,2025-03-03,,,,,,,,,,,,,,,,,,,,,,,,,,,,,,,,,,,,,,,,,,,,,,,NIFTY50,20847.94,
,,,,,,,,,,,,,,,10_benchmark_indices.csv,,2025-03-04,,,,,,,,,,,,,,,,,,,,,,,,,,,,,,,,,,,,,,,,,,,,,,,NIFTY50,20737.75,
,,,,,,,,,,,,,,,10_benchmark_indices.csv,,2025-03-05,,,,,,,,,,,,,,,,,,,,,,,,,,,,,,,,,,,,,,,,,,,,,,,NIFTY50,21157.49,
,,,,,,,,,,,,,,,10_benchmark_indices.csv,,2025-03-06,,,,,,,,,,,,,,,,,,,,,,,,,,,,,,,,,,,,,,,,,,,,,,,NIFTY50,21292.87,
,,,,,,,,,,,,,,,10_benchmark_indices.csv,,2025-03-07,,,,,,,,,,,,,,,,,,,,,,,,,,,,,,,,,,,,,,,,,,,,,,,NIFTY50,21143.25,
,,,,,,,,,,,,,,,10_benchmark_indices.csv,,2025-03-10,,,,,,,,,,,,,,,,,,,,,,,,,,,,,,,,,,,,,,,,,,,,,,,NIFTY50,21319.95,
,,,,,,,,,,,,,,,10_benchmark_indices.csv,,2025-03-11,,,,,,,,,,,,,,,,,,,,,,,,,,,,,,,,,,,,,,,,,,,,,,,NIFTY50,21617.26,
,,,,,,,,,,,,,,,10_benchmark_indices.csv,,2025-03-12,,,,,,,,,,,,,,,,,,,,,,,,,,,,,,,,,,,,,,,,,,,,,,,NIFTY50,21362.09,
,,,,,,,,,,,,,,,10_benchmark_indices.csv,,2025-03-13,,,,,,,,,,,,,,,,,,,,,,,,,,,,,,,,,,,,,,,,,,,,,,,NIFTY50,21597.43,
,,,,,,,,,,,,,,,10_benchmark_indices.csv,,2025-03-14,,,,,,,,,,,,,,,,,,,,,,,,,,,,,,,,,,,,,,,,,,,,,,,NIFTY50,21385.56,
,,,,,,,,,,,,,,,10_benchmark_indices.csv,,2025-03-17,,,,,,,,,,,,,,,,,,,,,,,,,,,,,,,,,,,,,,,,,,,,,,,NIFTY50,21394.22,
,,,,,,,,,,,,,,,10_benchmark_indices.csv,,2025-03-18,,,,,,,,,,,,,,,,,,,,,,,,,,,,,,,,,,,,,,,,,,,,,,,NIFTY50,21435.1,
,,,,,,,,,,,,,,,10_benchmark_indices.csv,,2025-03-19,,,,,,,,,,,,,,,,,,,,,,,,,,,,,,,,,,,,,,,,,,,,,,,NIFTY50,21329.91,
,,,,,,,,,,,,,,,10_benchmark_indices.csv,,2025-03-20,,,,,,,,,,,,,,,,,,,,,,,,,,,,,,,,,,,,,,,,,,,,,,,NIFTY50,21224.67,
,,,,,,,,,,,,,,,10_benchmark_indices.csv,,2025-03-21,,,,,,,,,,,,,,,,,,,,,,,,,,,,,,,,,,,,,,,,,,,,,,,NIFTY50,21086.44,
,,,,,,,,,,,,,,,10_benchmark_indices.csv,,2025-03-24,,,,,,,,,,,,,,,,,,,,,,,,,,,,,,,,,,,,,,,,,,,,,,,NIFTY50,21003.35,
,,,,,,,,,,,,,,,10_benchmark_indices.csv,,2025-03-25,,,,,,,,,,,,,,,,,,,,,,,,,,,,,,,,,,,,,,,,,,,,,,,NIFTY50,20842.98,
,,,,,,,,,,,,,,,10_benchmark_indices.csv,,2025-03-26,,,,,,,,,,,,,,,,,,,,,,,,,,,,,,,,,,,,,,,,,,,,,,,NIFTY50,21043.85,
,,,,,,,,,,,,,,,10_benchmark_indices.csv,,2025-03-27,,,,,,,,,,,,,,,,,,,,,,,,,,,,,,,,,,,,,,,,,,,,,,,NIFTY50,20801.86,
,,,,,,,,,,,,,,,10_benchmark_indices.csv,,2025-03-28,,,,,,,,,,,,,,,,,,,,,,,,,,,,,,,,,,,,,,,,,,,,,,,NIFTY50,21120.45,
,,,,,,,,,,,,,,,10_benchmark_indices.csv,,2025-03-31,,,,,,,,,,,,,,,,,,,,,,,,,,,,,,,,,,,,,,,,,,,,,,,NIFTY50,21107.42,
,,,,,,,,,,,,,,,10_benchmark_indices.csv,,2025-04-01,,,,,,,,,,,,,,,,,,,,,,,,,,,,,,,,,,,,,,,,,,,,,,,NIFTY50,20758.3,
,,,,,,,,,,,,,,,10_benchmark_indices.csv,,2025-04-02,,,,,,,,,,,,,,,,,,,,,,,,,,,,,,,,,,,,,,,,,,,,,,,NIFTY50,20900.04,
,,,,,,,,,,,,,,,10_benchmark_indices.csv,,2025-04-03,,,,,,,,,,,,,,,,,,,,,,,,,,,,,,,,,,,,,,,,,,,,,,,NIFTY50,20843.6,
,,,,,,,,,,,,,,,10_benchmark_indices.csv,,2025-04-04,,,,,,,,,,,,,,,,,,,,,,,,,,,,,,,,,,,,,,,,,,,,,,,NIFTY50,20650.82,
,,,,,,,,,,,,,,,10_benchmark_indices.csv,,2025-04-07,,,,,,,,,,,,,,,,,,,,,,,,,,,,,,,,,,,,,,,,,,,,,,,NIFTY50,20602.99,
,,,,,,,,,,,,,,,10_benchmark_indices.csv,,2025-04-08,,,,,,,,,,,,,,,,,,,,,,,,,,,,,,,,,,,,,,,,,,,,,,,NIFTY50,20482.53,
,,,,,,,,,,,,,,,10_benchmark_indices.csv,,2025-04-09,,,,,,,,,,,,,,,,,,,,,,,,,,,,,,,,,,,,,,,,,,,,,,,NIFTY50,20709.48,
,,,,,,,,,,,,,,,10_benchmark_indices.csv,,2025-04-10,,,,,,,,,,,,,,,,,,,,,,,,,,,,,,,,,,,,,,,,,,,,,,,NIFTY50,20587.3,
,,,,,,,,,,,,,,,10_benchmark_indices.csv,,2025-04-11,,,,,,,,,,,,,,,,,,,,,,,,,,,,,,,,,,,,,,,,,,,,,,,NIFTY50,20374.92,
,,,,,,,,,,,,,,,10_benchmark_indices.csv,,2025-04-14,,,,,,,,,,,,,,,,,,,,,,,,,,,,,,,,,,,,,,,,,,,,,,,NIFTY50,20266.64,
,,,,,,,,,,,,,,,10_benchmark_indices.csv,,2025-04-15,,,,,,,,,,,,,,,,,,,,,,,,,,,,,,,,,,,,,,,,,,,,,,,NIFTY50,20112.15,
,,,,,,,,,,,,,,,10_benchmark_indices.csv,,2025-04-16,,,,,,,,,,,,,,,,,,,,,,,,,,,,,,,,,,,,,,,,,,,,,,,NIFTY50,20300.03,
,,,,,,,,,,,,,,,10_benchmark_indices.csv,,2025-04-17,,,,,,,,,,,,,,,,,,,,,,,,,,,,,,,,,,,,,,,,,,,,,,,NIFTY50,20343.18,
,,,,,,,,,,,,,,,10_benchmark_indices.csv,,2025-04-18,,,,,,,,,,,,,,,,,,,,,,,,,,,,,,,,,,,,,,,,,,,,,,,NIFTY50,20109.89,
,,,,,,,,,,,,,,,10_benchmark_indices.csv,,2025-04-21,,,,,,,,,,,,,,,,,,,,,,,,,,,,,,,,,,,,,,,,,,,,,,,NIFTY50,19946.22,
,,,,,,,,,,,,,,,10_benchmark_indices.csv,,2025-04-22,,,,,,,,,,,,,,,,,,,,,,,,,,,,,,,,,,,,,,,,,,,,,,,NIFTY50,19883.09,
,,,,,,,,,,,,,,,10_benchmark_indices.csv,,2025-04-23,,,,,,,,,,,,,,,,,,,,,,,,,,,,,,,,,,,,,,,,,,,,,,,NIFTY50,19594.65,
,,,,,,,,,,,,,,,10_benchmark_indices.csv,,2025-04-24,,,,,,,,,,,,,,,,,,,,,,,,,,,,,,,,,,,,,,,,,,,,,,,NIFTY50,19426.95,
,,,,,,,,,,,,,,,10_benchmark_indices.csv,,2025-04-25,,,,,,,,,,,,,,,,,,,,,,,,,,,,,,,,,,,,,,,,,,,,,,,NIFTY50,19487.87,
,,,,,,,,,,,,,,,10_benchmark_indices.csv,,2025-04-28,,,,,,,,,,,,,,,,,,,,,,,,,,,,,,,,,,,,,,,,,,,,,,,NIFTY50,19789.04,
,,,,,,,,,,,,,,,10_benchmark_indices.csv,,2025-04-29,,,,,,,,,,,,,,,,,,,,,,,,,,,,,,,,,,,,,,,,,,,,,,,NIFTY50,19502.75,
,,,,,,,,,,,,,,,10_benchmark_indices.csv,,2025-04-30,,,,,,,,,,,,,,,,,,,,,,,,,,,,,,,,,,,,,,,,,,,,,,,NIFTY50,19952.62,
,,,,,,,,,,,,,,,10_benchmark_indices.csv,,2025-05-01,,,,,,,,,,,,,,,,,,,,,,,,,,,,,,,,,,,,,,,,,,,,,,,NIFTY50,20023.5,
,,,,,,,,,,,,,,,10_benchmark_indices.csv,,2025-05-02,,,,,,,,,,,,,,,,,,,,,,,,,,,,,,,,,,,,,,,,,,,,,,,NIFTY50,19847.79,
,,,,,,,,,,,,,,,10_benchmark_indices.csv,,2025-05-05,,,,,,,,,,,,,,,,,,,,,,,,,,,,,,,,,,,,,,,,,,,,,,,NIFTY50,20107.16,
,,,,,,,,,,,,,,,10_benchmark_indices.csv,,2025-05-06,,,,,,,,,,,,,,,,,,,,,,,,,,,,,,,,,,,,,,,,,,,,,,,NIFTY50,20185.78,
,,,,,,,,,,,,,,,10_benchmark_indices.csv,,2025-05-07,,,,,,,,,,,,,,,,,,,,,,,,,,,,,,,,,,,,,,,,,,,,,,,NIFTY50,20335.79,
,,,,,,,,,,,,,,,10_benchmark_indices.csv,,2025-05-08,,,,,,,,,,,,,,,,,,,,,,,,,,,,,,,,,,,,,,,,,,,,,,,NIFTY50,20483.46,
,,,,,,,,,,,,,,,10_benchmark_indices.csv,,2025-05-09,,,,,,,,,,,,,,,,,,,,,,,,,,,,,,,,,,,,,,,,,,,,,,,NIFTY50,20674.47,
,,,,,,,,,,,,,,,10_benchmark_indices.csv,,2025-05-12,,,,,,,,,,,,,,,,,,,,,,,,,,,,,,,,,,,,,,,,,,,,,,,NIFTY50,20473.51,
,,,,,,,,,,,,,,,10_benchmark_indices.csv,,2025-05-13,,,,,,,,,,,,,,,,,,,,,,,,,,,,,,,,,,,,,,,,,,,,,,,NIFTY50,20619.09,
,,,,,,,,,,,,,,,10_benchmark_indices.csv,,2025-05-14,,,,,,,,,,,,,,,,,,,,,,,,,,,,,,,,,,,,,,,,,,,,,,,NIFTY50,20637.93,
,,,,,,,,,,,,,,,10_benchmark_indices.csv,,2025-05-15,,,,,,,,,,,,,,,,,,,,,,,,,,,,,,,,,,,,,,,,,,,,,,,NIFTY50,20746.22,
,,,,,,,,,,,,,,,10_benchmark_indices.csv,,2025-05-16,,,,,,,,,,,,,,,,,,,,,,,,,,,,,,,,,,,,,,,,,,,,,,,NIFTY50,20641.62,
,,,,,,,,,,,,,,,10_benchmark_indices.csv,,2025-05-19,,,,,,,,,,,,,,,,,,,,,,,,,,,,,,,,,,,,,,,,,,,,,,,NIFTY50,20542.34,
,,,,,,,,,,,,,,,10_benchmark_indices.csv,,2025-05-20,,,,,,,,,,,,,,,,,,,,,,,,,,,,,,,,,,,,,,,,,,,,,,,NIFTY50,20454.84,
,,,,,,,,,,,,,,,10_benchmark_indices.csv,,2025-05-21,,,,,,,,,,,,,,,,,,,,,,,,,,,,,,,,,,,,,,,,,,,,,,,NIFTY50,20587.5,
,,,,,,,,,,,,,,,10_benchmark_indices.csv,,2025-05-22,,,,,,,,,,,,,,,,,,,,,,,,,,,,,,,,,,,,,,,,,,,,,,,NIFTY50,20583.11,
,,,,,,,,,,,,,,,10_benchmark_indices.csv,,2025-05-23,,,,,,,,,,,,,,,,,,,,,,,,,,,,,,,,,,,,,,,,,,,,,,,NIFTY50,20502.19,
,,,,,,,,,,,,,,,10_benchmark_indices.csv,,2025-05-26,,,,,,,,,,,,,,,,,,,,,,,,,,,,,,,,,,,,,,,,,,,,,,,NIFTY50,20455.39,
,,,,,,,,,,,,,,,10_benchmark_indices.csv,,2025-05-27,,,,,,,,,,,,,,,,,,,,,,,,,,,,,,,,,,,,,,,,,,,,,,,NIFTY50,20675.83,
,,,,,,,,,,,,,,,10_benchmark_indices.csv,,2025-05-28,,,,,,,,,,,,,,,,,,,,,,,,,,,,,,,,,,,,,,,,,,,,,,,NIFTY50,20769.54,
,,,,,,,,,,,,,,,10_benchmark_indices.csv,,2025-05-29,,,,,,,,,,,,,,,,,,,,,,,,,,,,,,,,,,,,,,,,,,,,,,,NIFTY50,20857.58,
,,,,,,,,,,,,,,,10_benchmark_indices.csv,,2025-05-30,,,,,,,,,,,,,,,,,,,,,,,,,,,,,,,,,,,,,,,,,,,,,,,NIFTY50,20913.08,
,,,,,,,,,,,,,,,10_benchmark_indices.csv,,2025-06-02,,,,,,,,,,,,,,,,,,,,,,,,,,,,,,,,,,,,,,,,,,,,,,,NIFTY50,21107.5,
,,,,,,,,,,,,,,,10_benchmark_indices.csv,,2025-06-03,,,,,,,,,,,,,,,,,,,,,,,,,,,,,,,,,,,,,,,,,,,,,,,NIFTY50,20935.42,
,,,,,,,,,,,,,,,10_benchmark_indices.csv,,2025-06-04,,,,,,,,,,,,,,,,,,,,,,,,,,,,,,,,,,,,,,,,,,,,,,,NIFTY50,21097.91,
,,,,,,,,,,,,,,,10_benchmark_indices.csv,,2025-06-05,,,,,,,,,,,,,,,,,,,,,,,,,,,,,,,,,,,,,,,,,,,,,,,NIFTY50,21121.17,
,,,,,,,,,,,,,,,10_benchmark_indices.csv,,2025-06-06,,,,,,,,,,,,,,,,,,,,,,,,,,,,,,,,,,,,,,,,,,,,,,,NIFTY50,20970.41,
,,,,,,,,,,,,,,,10_benchmark_indices.csv,,2025-06-09,,,,,,,,,,,,,,,,,,,,,,,,,,,,,,,,,,,,,,,,,,,,,,,NIFTY50,20977.09,
,,,,,,,,,,,,,,,10_benchmark_indices.csv,,2025-06-10,,,,,,,,,,,,,,,,,,,,,,,,,,,,,,,,,,,,,,,,,,,,,,,NIFTY50,20939.94,
,,,,,,,,,,,,,,,10_benchmark_indices.csv,,2025-06-11,,,,,,,,,,,,,,,,,,,,,,,,,,,,,,,,,,,,,,,,,,,,,,,NIFTY50,21008.55,
,,,,,,,,,,,,,,,10_benchmark_indices.csv,,2025-06-12,,,,,,,,,,,,,,,,,,,,,,,,,,,,,,,,,,,,,,,,,,,,,,,NIFTY50,21174.14,
,,,,,,,,,,,,,,,10_benchmark_indices.csv,,2025-06-13,,,,,,,,,,,,,,,,,,,,,,,,,,,,,,,,,,,,,,,,,,,,,,,NIFTY50,20989.16,
,,,,,,,,,,,,,,,10_benchmark_indices.csv,,2025-06-16,,,,,,,,,,,,,,,,,,,,,,,,,,,,,,,,,,,,,,,,,,,,,,,NIFTY50,21296.6,
,,,,,,,,,,,,,,,10_benchmark_indices.csv,,2025-06-17,,,,,,,,,,,,,,,,,,,,,,,,,,,,,,,,,,,,,,,,,,,,,,,NIFTY50,21015.5,
,,,,,,,,,,,,,,,10_benchmark_indices.csv,,2025-06-18,,,,,,,,,,,,,,,,,,,,,,,,,,,,,,,,,,,,,,,,,,,,,,,NIFTY50,20898.4,
,,,,,,,,,,,,,,,10_benchmark_indices.csv,,2025-06-19,,,,,,,,,,,,,,,,,,,,,,,,,,,,,,,,,,,,,,,,,,,,,,,NIFTY50,21248.57,
,,,,,,,,,,,,,,,10_benchmark_indices.csv,,2025-06-20,,,,,,,,,,,,,,,,,,,,,,,,,,,,,,,,,,,,,,,,,,,,,,,NIFTY50,21001.73,
,,,,,,,,,,,,,,,10_benchmark_indices.csv,,2025-06-23,,,,,,,,,,,,,,,,,,,,,,,,,,,,,,,,,,,,,,,,,,,,,,,NIFTY50,20910.16,
,,,,,,,,,,,,,,,10_benchmark_indices.csv,,2025-06-24,,,,,,,,,,,,,,,,,,,,,,,,,,,,,,,,,,,,,,,,,,,,,,,NIFTY50,20787.22,
,,,,,,,,,,,,,,,10_benchmark_indices.csv,,2025-06-25,,,,,,,,,,,,,,,,,,,,,,,,,,,,,,,,,,,,,,,,,,,,,,,NIFTY50,20389.07,
,,,,,,,,,,,,,,,10_benchmark_indices.csv,,2025-06-26,,,,,,,,,,,,,,,,,,,,,,,,,,,,,,,,,,,,,,,,,,,,,,,NIFTY50,20380.39,
,,,,,,,,,,,,,,,10_benchmark_indices.csv,,2025-06-27,,,,,,,,,,,,,,,,,,,,,,,,,,,,,,,,,,,,,,,,,,,,,,,NIFTY50,20464.36,
,,,,,,,,,,,,,,,10_benchmark_indices.csv,,2025-06-30,,,,,,,,,,,,,,,,,,,,,,,,,,,,,,,,,,,,,,,,,,,,,,,NIFTY50,20548.17,
,,,,,,,,,,,,,,,10_benchmark_indices.csv,,2025-07-01,,,,,,,,,,,,,,,,,,,,,,,,,,,,,,,,,,,,,,,,,,,,,,,NIFTY50,20458.04,
,,,,,,,,,,,,,,,10_benchmark_indices.csv,,2025-07-02,,,,,,,,,,,,,,,,,,,,,,,,,,,,,,,,,,,,,,,,,,,,,,,NIFTY50,20138.08,
,,,,,,,,,,,,,,,10_benchmark_indices.csv,,2025-07-03,,,,,,,,,,,,,,,,,,,,,,,,,,,,,,,,,,,,,,,,,,,,,,,NIFTY50,20032.04,
,,,,,,,,,,,,,,,10_benchmark_indices.csv,,2025-07-04,,,,,,,,,,,,,,,,,,,,,,,,,,,,,,,,,,,,,,,,,,,,,,,NIFTY50,19892.88,
,,,,,,,,,,,,,,,10_benchmark_indices.csv,,2025-07-07,,,,,,,,,,,,,,,,,,,,,,,,,,,,,,,,,,,,,,,,,,,,,,,NIFTY50,19942.66,
,,,,,,,,,,,,,,,10_benchmark_indices.csv,,2025-07-08,,,,,,,,,,,,,,,,,,,,,,,,,,,,,,,,,,,,,,,,,,,,,,,NIFTY50,19857.84,
,,,,,,,,,,,,,,,10_benchmark_indices.csv,,2025-07-09,,,,,,,,,,,,,,,,,,,,,,,,,,,,,,,,,,,,,,,,,,,,,,,NIFTY50,19930.69,
,,,,,,,,,,,,,,,10_benchmark_indices.csv,,2025-07-10,,,,,,,,,,,,,,,,,,,,,,,,,,,,,,,,,,,,,,,,,,,,,,,NIFTY50,19624.86,
,,,,,,,,,,,,,,,10_benchmark_indices.csv,,2025-07-11,,,,,,,,,,,,,,,,,,,,,,,,,,,,,,,,,,,,,,,,,,,,,,,NIFTY50,19732.14,
,,,,,,,,,,,,,,,10_benchmark_indices.csv,,2025-07-14,,,,,,,,,,,,,,,,,,,,,,,,,,,,,,,,,,,,,,,,,,,,,,,NIFTY50,19820.07,
,,,,,,,,,,,,,,,10_benchmark_indices.csv,,2025-07-15,,,,,,,,,,,,,,,,,,,,,,,,,,,,,,,,,,,,,,,,,,,,,,,NIFTY50,19646.82,
,,,,,,,,,,,,,,,10_benchmark_indices.csv,,2025-07-16,,,,,,,,,,,,,,,,,,,,,,,,,,,,,,,,,,,,,,,,,,,,,,,NIFTY50,19535.62,
,,,,,,,,,,,,,,,10_benchmark_indices.csv,,2025-07-17,,,,,,,,,,,,,,,,,,,,,,,,,,,,,,,,,,,,,,,,,,,,,,,NIFTY50,19487.91,
,,,,,,,,,,,,,,,10_benchmark_indices.csv,,2025-07-18,,,,,,,,,,,,,,,,,,,,,,,,,,,,,,,,,,,,,,,,,,,,,,,NIFTY50,19665.12,
,,,,,,,,,,,,,,,10_benchmark_indices.csv,,2025-07-21,,,,,,,,,,,,,,,,,,,,,,,,,,,,,,,,,,,,,,,,,,,,,,,NIFTY50,19621.67,
,,,,,,,,,,,,,,,10_benchmark_indices.csv,,2025-07-22,,,,,,,,,,,,,,,,,,,,,,,,,,,,,,,,,,,,,,,,,,,,,,,NIFTY50,19679.59,
,,,,,,,,,,,,,,,10_benchmark_indices.csv,,2025-07-23,,,,,,,,,,,,,,,,,,,,,,,,,,,,,,,,,,,,,,,,,,,,,,,NIFTY50,19683.16,
,,,,,,,,,,,,,,,10_benchmark_indices.csv,,2025-07-24,,,,,,,,,,,,,,,,,,,,,,,,,,,,,,,,,,,,,,,,,,,,,,,NIFTY50,19834.61,
,,,,,,,,,,,,,,,10_benchmark_indices.csv,,2025-07-25,,,,,,,,,,,,,,,,,,,,,,,,,,,,,,,,,,,,,,,,,,,,,,,NIFTY50,19866.08,
,,,,,,,,,,,,,,,10_benchmark_indices.csv,,2025-07-28,,,,,,,,,,,,,,,,,,,,,,,,,,,,,,,,,,,,,,,,,,,,,,,NIFTY50,19669.27,
,,,,,,,,,,,,,,,10_benchmark_indices.csv,,2025-07-29,,,,,,,,,,,,,,,,,,,,,,,,,,,,,,,,,,,,,,,,,,,,,,,NIFTY50,19631.76,
,,,,,,,,,,,,,,,10_benchmark_indices.csv,,2025-07-30,,,,,,,,,,,,,,,,,,,,,,,,,,,,,,,,,,,,,,,,,,,,,,,NIFTY50,19798.35,
,,,,,,,,,,,,,,,10_benchmark_indices.csv,,2025-07-31,,,,,,,,,,,,,,,,,,,,,,,,,,,,,,,,,,,,,,,,,,,,,,,NIFTY50,19856.06,
,,,,,,,,,,,,,,,10_benchmark_indices.csv,,2025-08-01,,,,,,,,,,,,,,,,,,,,,,,,,,,,,,,,,,,,,,,,,,,,,,,NIFTY50,19663.19,
,,,,,,,,,,,,,,,10_benchmark_indices.csv,,2025-08-04,,,,,,,,,,,,,,,,,,,,,,,,,,,,,,,,,,,,,,,,,,,,,,,NIFTY50,19956.72,
,,,,,,,,,,,,,,,10_benchmark_indices.csv,,2025-08-05,,,,,,,,,,,,,,,,,,,,,,,,,,,,,,,,,,,,,,,,,,,,,,,NIFTY50,19863.21,
,,,,,,,,,,,,,,,10_benchmark_indices.csv,,2025-08-06,,,,,,,,,,,,,,,,,,,,,,,,,,,,,,,,,,,,,,,,,,,,,,,NIFTY50,20020.43,
,,,,,,,,,,,,,,,10_benchmark_indices.csv,,2025-08-07,,,,,,,,,,,,,,,,,,,,,,,,,,,,,,,,,,,,,,,,,,,,,,,NIFTY50,20259.68,
,,,,,,,,,,,,,,,10_benchmark_indices.csv,,2025-08-08,,,,,,,,,,,,,,,,,,,,,,,,,,,,,,,,,,,,,,,,,,,,,,,NIFTY50,20442.73,
,,,,,,,,,,,,,,,10_benchmark_indices.csv,,2025-08-11,,,,,,,,,,,,,,,,,,,,,,,,,,,,,,,,,,,,,,,,,,,,,,,NIFTY50,2.0,
125497.0,,HDFC Top 100,,,,,,,,,,,,,live_nav.csv,,01-06-2026,,,,,,,,,,,,,,,,,,,,,,,,,,,,,,,,,,,,,,,,,,,,,,,,,192.3195
119551.0,,SBI Bluechip,,,,,,,,,,,,,live_nav.csv,,01-06-2026,,,,,,,,,,,,,,,,,,,,,,,,,,,,,,,,,,,,,,,,,,,,,,,,,104.7025
120503.0,,ICICI Bluechip,,,,,,,,,,,,,live_nav.csv,,01-06-2026,,,,,,,,,,,,,,,,,,,,,,,,,,,,,,,,,,,,,,,,,,,,,,,,,103.0948
118632.0,,Nippon Large Cap,,,,,,,,,,,,,live_nav.csv,,01-06-2026,,,,,,,,,,,,,,,,,,,,,,,,,,,,,,,,,,,,,,,,,,,,,,,,,97.1944
119092.0,,Axis Bluechip,,,,,,,,,,,,,live_nav.csv,,01-06-2026,,,,,,,,,,,,,,,,,,,,,,,,,,,,,,,,,,,,,,,,,,,,,,,,,6156.7532
120841.0,,Kotak Bluechip,,,,,,,,,,,,,live_nav.csv,,01-06-2026,,,,,,,,,,,,,,,,,,,,,,,,,,,,,,,,,,,,,,,,,,,,,,,,,246.9814
